id,name__en,name__es,name__de,name,wikipedia__en,wikipedia__es,gender,birth_date,given_name,original_wikiname,name__fr,image,name__nl,identifier__VIAF
Q17518389,José Ignacio Paliza,José Paliza,José Ignacio Paliza,José Ignacio Paliza,José Ignacio Paliza,José Ignacio Paliza,male,1981-09-01,José,José Ignacio Paliza,,,,
Q5923172,Victor Bisono,Ito Bisonó,Victor Bisono,Victor Bisono,Víctor Bisonó,Ito Bisonó,male,1963-08-27,Victor,Víctor Bisonó,Victor Bisonó,https://upload.wikimedia.org/wikipedia/commons/e/e4/Bisono1.jpg,Victor Bisonó,""
Q6017761,Minou Tavárez Mirabal,Minou Tavárez Mirabal,Minou Tavárez Mirabal,Minou Tavárez Mirabal,Minou Tavárez Mirabal,Minou Tavárez Mirabal,female,1956-08-31,Minou,Minou Tavárez Mirabal,Minou Tavárez Mirabal,https://upload.wikimedia.org/wikipedia/commons/e/ee/Minou.jpg,,
