id,name__bg,name__pt,name__en,name__de,name__nb,name__da,name__nn,name__sv,name,wikipedia__bg,wikipedia__pt,gender,given_name,original_wikiname,name__es,name__nl,name__fr,wikipedia__commons,wikipedia__en,wikipedia__es,birth_date,identifier__freebase,image,name__it,name__pt_br,wikipedia__de,wikipedia__fr,name__tw,name__la,name__war,wikipedia__it,wikipedia__la,wikipedia__tw,wikipedia__war,identifier__VIAF,name__he,name__yue,wikipedia__he,wikipedia__zh_yue,website,family_name,identifier__BNF,identifier__SUDOC,identifier__FAST,name__eo,wikipedia__eo,name__pl,wikipedia__pl,wikipedia__sv,wikipedia__ptwikiquote,identifier__LCAuth,name__ru,name__yo,wikipedia__ru,wikipedia__yo,name__fa,wikipedia__fa,name__ca,name__gl,name__ja,name__fi,name__cs,wikipedia__cs,wikipedia__fi,wikipedia__ja,wikipedia__no,name__eml,name__lmo,wikipedia__eml,wikipedia__gl,wikipedia__lmo,identifier__IMDB,identifier__MusicBrainz,name__sw,wikipedia__nl,wikipedia__simple,wikipedia__sw,identifier__ISNI,identifier__GND,identifier__allmovie
Q10263907,,Daniel Almeida,Daniel Almeida,Daniel Almeida,Daniel Almeida,Daniel Almeida,Daniel Almeida,Daniel Almeida,Daniel Almeida,,Daniel Almeida,male,Daniel,Daniel Almeida,,Daniel Almeida,Daniel Almeida,,,,1955-01-21,,https://upload.wikimedia.org/wikipedia/commons/b/ba/Daniel_Almeida_-_Deputado_Federal.jpg,Daniel Almeida,,,,,,,,,,,,,,,,,,,,,,,,,,,,,,,,,,,,,,,,,,,,,,,,,,,,,,,,
Q10263927,,Daniel Coelho,Daniel Coelho,Daniel Coelho,Daniel Coelho,Daniel Coelho,Daniel Coelho,Daniel Coelho,Daniel Coelho,,Daniel Coelho,male,Daniel,Daniel Coelho,,,Daniel Coelho,,,,1978-11-04,,,Daniel Coelho,,,,,,,,,,,,,,,,,,,,,,,,,,,,,,,,,,,,,,,,,,,,,,,,,,,,,,,,
Q10264196,,Darci Pompeo de Mattos,Darci Pompeo de Mattos,Darci Pompeo de Mattos,,,,,Darci Pompeo de Mattos,,Pompeo de Mattos,male,Darci,Darci Pompeo de Mattos,,,Darci Pompeo de Mattos,Category:Pompeo de Mattos,,,1958-07-12,,https://upload.wikimedia.org/wikipedia/commons/d/d1/Pompeo_de_mattos.jpg,Darci Pompeo de Mattos,,,,,,,,,,,,,,,,,,,,,,,,,,,,,,,,,,,,,,,,,,,,,,,,,,,,,,,,
Q10268879,,Duarte Nogueira,Duarte Nogueira,Duarte Nogueira,Duarte Nogueira,Duarte Nogueira,Duarte Nogueira,Duarte Nogueira,Duarte Nogueira,,Duarte Nogueira,male,Duarte,Duarte Nogueira,,,Duarte Nogueira,,,,1964-05-16,,,Duarte Nogueira,,,,,,,,,,,,,,,,,,,,,,,,,,,,,,,,,,,,,,,,,,,,,,,,,,,,,,,,
Q10269285,,Décio Nery de Lima,Décio Nery de Lima,Décio Nery de Lima,,,,,Décio Nery de Lima,,Décio Nery de Lima,male,Décio,Décio Lima,,,Décio Nery de Lima,,,,1960-10-01,,,,,,,,,,,,,,,,,,,,,,,,,,,,,,,,,,,,,,,,,,,,,,,,,,,,,,,,,,,
Q10270438,,Edmar Arruda,Edmar Arruda,Edmar Arruda,Edmar Arruda,Edmar Arruda,Edmar Arruda,Edmar Arruda,Edmar Arruda,,Edmar Arruda,male,Edmar,Edmar Arruda,,,Edmar Arruda,,,,1959-09-26,,https://upload.wikimedia.org/wikipedia/commons/2/26/Edmar_Arruda.PNG,Edmar Arruda,,,,,,,,,,,,,,,,,,,,,,,,,,,,,,,,,,,,,,,,,,,,,,,,,,,,,,,,
Q10270522,,Edson Coelho Araújo,Edson Coelho Araújo,Edson Coelho Araújo,,,,,Edson Coelho Araújo,,Edson Coelho Araújo,male,Edson,Edson Coelho Araújo,,,,,,,1949-07-30,,,,,,,,,,,,,,,,,,,,,,,,,,,,,,,,,,,,,,,,,,,,,,,,,,,,,,,,,,,
Q10270649,,Eduardo Cury,Eduardo Cury,Eduardo Cury,Eduardo Cury,Eduardo Cury,Eduardo Cury,Eduardo Cury,Eduardo Cury,,Eduardo Cury,male,Eduardo,Eduardo Cury,,Eduardo Cury,Eduardo Cury,,,,1963-09-19,,,,,,,,,,,,,,,,,,,,,,,,,,,,,,,,,,,,,,,,,,,,,,,,,,,,,,,,,,,
Q10270650,Едуардо Куня,Eduardo Cunha,Eduardo Cunha,Eduardo Cunha,Eduardo Cunha,Eduardo Cunha,Eduardo Cunha,Eduardo Cunha,Eduardo Cunha,Едуардо Куня,Eduardo Cunha,male,Eduardo,Eduardo Cunha,,Eduardo Cunha,Eduardo Cunha,Category:Eduardo Cunha,Eduardo Cunha,,1958-09-20,,https://upload.wikimedia.org/wikipedia/commons/6/61/Eduardo_Cunha.jpg,,Eduardo Cunha,Eduardo Cunha,Eduardo Cunha,,,,,,,,,,,,,,,,,,,,,,,,,,,,,,,,,,,,,,,,,,,,,,,,,,,,,
Q10270805,,Eduardo da Fonte,Eduardo da Fonte,Eduardo da Fonte,,,,,Eduardo da Fonte,,Eduardo da Fonte,male,Eduardo,Eduardo da Fonte,,,Eduardo da Fonte,,,,1972-10-17,,,Eduardo da Fonte,,,,,,,,,,,,,,,,,,,,,,,,,,,,,,,,,,,,,,,,,,,,,,,,,,,,,,,,
Q10271797,,Eli Corrêa Filho,Eli Corrêa Filho,Eli Corrêa Filho,Eli Corrêa Filho,Eli Corrêa Filho,Eli Corrêa Filho,Eli Corrêa Filho,Eli Corrêa Filho,,Eli Corrêa Filho,male,Eli,Eli Corrêa Filho,,,Eli Corrêa Filho,,,,1976-01-13,,,,,,,,,,,,,,,,,,,http://www.elicorreafilho.com.br/site/,,,,,,,,,,,,,,,,,,,,,,,,,,,,,,,,,,,,,,,,
Q10272988,,Enio Verri,Enio Verri,Enio Verri,Enio Verri,Enio Verri,Enio Verri,Enio Verri,Enio Verri,,Enio Verri,male,,Enio Verri,,,Enio Verri,,,,1961-03-27,,,Enio Verri,,,,,,,,,,,,,,,,,,,,,,,,,,,,,,,,,,,,,,,,,,,,,,,,,,,,,,,,
Q10273609,,Erika Kokay,Erika Kokay,Erika Kokay,Erika Kokay,Erika Kokay,Erika Kokay,Erika Kokay,Erika Kokay,,Érika Kokay,female,Erika,Érika Kokay,,,Erika Kokay,,,,1957-08-15,,,,,,,,,,,,,,,,,,,,,,,,,,,,,,,,,,,,,,,,,,,,,,,,,,,,,,,,,,,
Q10278421,,Evandro Rogério Roman,Evandro Rogério Roman,Evandro Rogério Roman,Evandro Rogério Roman,Evandro Rogério Roman,Evandro Rogério Roman,Evandro Rogério Roman,Evandro Rogério Roman,,Evandro Rogério Roman,male,Evandro,Evandro Rogério Roman,,Evandro Rogério Roman,Evandro Rogério Roman,,,,1973-03-03,,,,,,,,,,,,,,,,,,,,,,,,,,,,,,,,,,,,,,,,,,,,,,,,,,,,,,,,,,,
Q10279146,,Fabio Faria,Fabio Faria,Fabio Faria,Fabio Faria,Fabio Faria,Fabio Faria,Fabio Faria,Fabio Faria,,Fabio Faria,male,Fabio,Fabio Faria,,Fabio Faria,Fabio Faria,,,,1977-09-01,,,Fabio Faria,,,,,,,,,,,,,,,,,,,,,,,,,,,,,,,,,,,,,,,,,,,,,,,,,,,,,,,,
Q10280969,,Felipe Bornier,Felipe Bornier,Felipe Bornier,Felipe Bornier,Felipe Bornier,Felipe Bornier,Felipe Bornier,Felipe Bornier,,Felipe Bornier,male,Felipe,Felipe Bornier,,,Felipe Bornier,,,,1978-08-26,,,Felipe Bornier,,,,,,,,,,,,,,,,,,,,,,,,,,,,,,,,,,,,,,,,,,,,,,,,,,,,,,,,
Q10281242,,Fernando Antônio Ceciliano Jordão,Fernando Antônio Ceciliano Jordão,Fernando Antônio Ceciliano Jordão,Fernando Antônio Ceciliano Jordão,Fernando Antônio Ceciliano Jordão,Fernando Antônio Ceciliano Jordão,Fernando Antônio Ceciliano Jordão,Fernando Antônio Ceciliano Jordão,,Fernando Antônio Ceciliano Jordão,male,Fernando,Fernando Jordão,,,Fernando Antônio Ceciliano Jordão,,,,1952-06-23,,,,,,,,,,,,,,,,,,,,,,,,,,,,,,,,,,,,,,,,,,,,,,,,,,,,,,,,,,,
Q10281433,,Fernando Marroni,Fernando Marroni,Fernando Marroni,Fernando Marroni,Fernando Marroni,Fernando Marroni,Fernando Marroni,Fernando Marroni,,Fernando Marroni,male,Fernando,Fernando Marroni,,,Fernando Marroni,,,,1956-07-31,,,Fernando Marroni,,,,,,,,,,,,,,,,http://www.fernandomarroni.com.br/,,,,,,,,,,,,,,,,,,,,,,,,,,,,,,,,,,,,,,,,
Q10282741,,Flaviano Melo,Flaviano Melo,Flaviano Melo,Flaviano Melo,Flaviano Melo,Flaviano Melo,Flaviano Melo,Flaviano Melo,,Flaviano Melo,male,,Flaviano Melo,,Flaviano Melo,Flaviano Melo,,,,1949-11-17,,,Flaviano Melo,,,,,,,,,,,,,,,,,,,,,,,,,,,,,,,,,,,,,,,,,,,,,,,,,,,,,,,,
Q10286912,,Fábio Sousa,Fábio Sousa,Fábio Sousa,Fábio Sousa,Fábio Sousa,Fábio Sousa,Fábio Sousa,Fábio Sousa,,Fábio Sousa,male,Fábio,Fábio Sousa,,,Fábio Sousa,,,,1982-09-11,,,,,,,,,,,,,,,,,,,,,,,,,,,,,,,,,,,,,,,,,,,,,,,,,,,,,,,,,,,
Q10289877,,Giovani Cherini,Giovani Cherini,,Giovani Cherini,Giovani Cherini,Giovani Cherini,Giovani Cherini,Giovani Cherini,,Giovani Cherini,male,Giovani,Giovani Cherini,,,Giovani Cherini,,,,1960-06-23,,,Giovani Cherini,,,,,,,,,,,,,,,,,,,,,,,,,,,,,,,,,,,,,,,,,,,,,,,,,,,,,,,,
Q10290036,,Glauber Braga,Glauber Braga,Glauber Braga,Glauber Braga,Glauber Braga,Glauber Braga,Glauber Braga,Glauber Braga,,Glauber Braga,male,,Glauber Braga,,,Glauber Braga,,,,1982-06-26,,https://upload.wikimedia.org/wikipedia/commons/5/53/Glauber_Braga.jpg,Glauber Braga,,,,,,,,,,,,,,,,,,,,,,,,,,,,,,,,,,,,,,,,,,,,,,,,,,,,,,,,
Q10293167,,Rodrigo Maia,Rodrigo Maia,Rodrigo Maia,,,,,Rodrigo Maia,,Rodrigo Maia,male,Rodrigo,Rodrigo Maia,,,Rodrigo Maia,,,,1970-06-12,,,Rodrigo Maia,,,,,,,,,,,,,,,,,,,,,,,,,,,,,,,,,,,,,,,,,,,,,,,,,,,,,,,,
Q10294757,,Henrique Fontana,Herique Fontana,Herique Fontana,Henrique Fontana,Henrique Fontana,Henrique Fontana,Henrique Fontana,Henrique Fontana,,Henrique Fontana,male,Henrique,Henrique Fontana,,Herique Fontana,Henrique Fontana,Category:Henrique Fontana,,,1960-01-18,,https://upload.wikimedia.org/wikipedia/commons/8/88/Henrique_Fontana_2009.jpg,Henrique Fontana,,,,,,,,,,,,,,,,,Fontana,,,,,,,,,,,,,,,,,,,,,,,,,,,,,,,,,,,,,,,
Q10295247,,Heráclito Fortes,Heráclito Fortes,Heráclito Fortes,Heráclito Fortes,Heráclito Fortes,Heráclito Fortes,Heráclito Fortes,Heráclito Fortes,,Heráclito Fortes,male,Heráclito,Heráclito Fortes,,Heráclito Fortes,Heráclito Fortes,Category:Heráclito Fortes,,,1950-08-01,,,,,,,,,,,,,,,,,,,,,,,,,,,,,,,,,,,,,,,,,,,,,,,,,,,,,,,,,,,
Q10296136,,Ronaldo Lessa,Ronaldo Lessa,Ronaldo Lessa,Ronaldo Lessa,Ronaldo Lessa,Ronaldo Lessa,Ronaldo Lessa,Ronaldo Lessa,,Ronaldo Lessa,male,Ronaldo,Ronaldo Lessa,,,Ronaldo Lessa,,,,1949-04-25,,https://upload.wikimedia.org/wikipedia/commons/4/46/Ronaldo_lessa.jpg,Ronaldo Lessa,,,,,,,,,,,,,,,,,,,,,,,,,,,,,,,,,,,,,,,,,,,,,,,,,,,,,,,,
Q10298769,,Hugo Leal,Hugo Leal,Hugo Leal,Hugo Leal,Hugo Leal,Hugo Leal,Hugo Leal,Hugo Leal,,Hugo Leal,male,Hugo,Hugo Leal,,Hugo Leal,Hugo Leal,Category:Hugo Leal,,,1962-08-06,,https://upload.wikimedia.org/wikipedia/commons/0/0e/Hugo_Leal.jpg,Hugo Leal,,,,,,,,,,,,,,,,,,,,,,,,,,,,,,,,,,,,,,,,,,,,,,,,,,,,,,,,
Q10304402,,Ivan Valente,Ivan Valente,Ivan Valente,Ivan Valente,Ivan Valente,Ivan Valente,Ivan Valente,Ivan Valente,,Ivan Valente,male,Ivan,Ivan Valente,,,Ivan Valente,Category:Ivan Valente,,,1946-07-05,,https://upload.wikimedia.org/wikipedia/commons/6/6f/Ivan_valente.PNG,Ivan Valente,,,,,,,,,,,,,,,,http://www.ivanvalente.com.br/,,,,,,,,,,,,,,,,,,,,,,,,,,,,,,,,,,,,,,,,
Q10304982,,Jair Bolsonaro,Jair Bolsonaro,Jair Bolsonaro,Jair Bolsonaro,Jair Bolsonaro,Jair Bolsonaro,Jair Bolsonaro,Jair Bolsonaro,,Jair Bolsonaro,male,Jair,Jair Bolsonaro,,Jair Bolsonaro,Jair Bolsonaro,,Jair Bolsonaro,,1955-03-21,,https://upload.wikimedia.org/wikipedia/commons/d/df/Jair_Bolsonaro.JPG,,,,Jair Bolsonaro,,,,,,,,,,,,,http://www.bolsonaro.com.br,,,,,,,,,,,,,,,,,,,,,,,,,,,,,,,,,,,,,,,,
Q10305189,,Jandira Feghali,Jandira Feghali,Jandira Feghali,Jandira Feghali,Jandira Feghali,Jandira Feghali,Jandira Feghali,Jandira Feghali,,Jandira Feghali,female,,Jandira Feghali,Jandira Feghali,Jandira Feghali,Jandira Feghali,,,Jandira Feghali,1957-05-17,,https://upload.wikimedia.org/wikipedia/commons/7/72/Jandirafefghali.jpg,,,,,,,,,,,,,,,,,http://sigajandira.com.br/,,,,,,,,,,,,,,,,,,,,,,,,,,,,,,,,,,,,,,,,
Q10305371,,Jarbas Vasconcelos,Jarbas Vasconcelos,Jarbas Vasconcelos,Jarbas Vasconcelos,Jarbas Vasconcelos,Jarbas Vasconcelos,Jarbas Vasconcelos,Jarbas Vasconcelos,,Jarbas Vasconcelos,male,Jarbas,Jarbas Vasconcelos,,Jarbas Vasconcelos,Jarbas Vasconcelos,Category:Jarbas Vasconcelos,Jarbas Vasconcelos,,1942-08-23,,https://upload.wikimedia.org/wikipedia/commons/9/96/Jarbas_vasconcelos3.jpg,,,,,,,,,,,,1911651,,,,,,,,,,,,,,,,,,,,,,,,,,,,,,,,,,,,,,,,,,,,,
Q10306594,,Jefferson Alves de Campos,Jefferson Alves de Campos,Jefferson Alves de Campos,,,,,Jefferson Alves de Campos,,Jefferson Alves de Campos,male,Jefferson,Jefferson Campos,,,Jefferson Alves de Campos,,,,1964-10-26,,,,,,,,,,,,,,,,,,,,,,,,,,,,,,,,,,,,,,,,,,,,,,,,,,,,,,,,,,,
Q10308086,,Jorge Catarino Leonardeli Boeira,Jorge Catarino Leonardeli Boeira,Jorge Catarino Leonardeli Boeira,Jorge Catarino Leonardeli Boeira,Jorge Catarino Leonardeli Boeira,Jorge Catarino Leonardeli Boeira,Jorge Catarino Leonardeli Boeira,Jorge Catarino Leonardeli Boeira,,Jorge Boeira,male,Jorge,Jorge Boeira,,,Jorge Catarino Leonardeli Boeira,,,,1955-11-05,,,,,,,,,,,,,,,,,,,,,,,,,,,,,,,,,,,,,,,,,,,,,,,,,,,,,,,,,,,
Q10308318,,Jorginho Mello,Jorginho Mello,Jorginho Mello,Jorginho Mello,Jorginho Mello,Jorginho Mello,Jorginho Mello,Jorginho Mello,,Jorginho Mello,male,Jorginho,Jorginho Mello,Jorginho Mello,Jorginho Mello,Jorginho Mello,,,,1956-07-15,,,,,,,,,,,,,,,,,,,,,,,,,,,,,,,,,,,,,,,,,,,,,,,,,,,,,,,,,,,
Q10308635,,Josias Gomes,Josias Gomes,Josias Gomes,Josias Gomes,Josias Gomes,Josias Gomes,Josias Gomes,Josias Gomes,,Josias Gomes,male,Josias,Josias Gomes,,,Josias Gomes,,,,,,,,,,,,,,,,,,,,,,,,,,,,,,,,,,,,,,,,,,,,,,,,,,,,,,,,,,,,,,,
Q10308690,,José Affonso Ebert Hamm,José Affonso Ebert Hamm,José Affonso Ebert Hamm,José Affonso Ebert Hamm,José Affonso Ebert Hamm,José Affonso Ebert Hamm,José Affonso Ebert Hamm,José Affonso Ebert Hamm,,José Affonso Ebert Hamm,male,José,José Affonso Ebert Hamm,,,José Affonso Ebert Hamm,,,,1962-04-25,,,,,,,,,,,,,,,,,,,,,,,,,,,,,,,,,,,,,,,,,,,,,,,,,,,,,,,,,,,
Q10308879,,José Arnon Cruz Bezerra de Menezes,José Arnon Cruz Bezerra de Menezes,José Arnon Cruz Bezerra de Menezes,,,,,José Arnon Cruz Bezerra de Menezes,,José Arnon Cruz Bezerra de Menezes,male,José,José Arnon Cruz Bezerra de Menezes,,,José Arnon Cruz Bezerra de Menezes,,,,,,,,,,,,,,,,,,,,,,,,,,,,,,,,,,,,,,,,,,,,,,,,,,,,,,,,,,,,,,,
Q10309081,,José Carlos Becker de Oliveira e Silva,José Carlos Becker de Oliveira e Silva,José Carlos Becker de Oliveira e Silva,,,,,José Carlos Becker de Oliveira e Silva,,Zeca Dirceu,male,José,Zeca Dirceu,,,José Carlos Becker de Oliveira e Silva,,,,1978-06-21,,,Zeca Dirceu,,,,,,,,,,,,,,,,,,,,,,,,,,,,,,,,,,,,,,,,,,,,,,,,,,,,,,,,
Q10309765,,José Leônidas Menezes Cristino,José Leônidas Menezes Cristino,José Leônidas Menezes Cristino,José Leônidas Menezes Cristino,José Leônidas Menezes Cristino,José Leônidas Menezes Cristino,José Leônidas Menezes Cristino,José Leônidas Menezes Cristino,,José Leônidas Menezes Cristino,male,José,José Leônidas Menezes Cristino,,,José Leônidas Menezes Cristino,,,,1957-06-03,,https://upload.wikimedia.org/wikipedia/commons/c/c1/Jose_leonidas_cristino.jpg,,,,,,,,,,,,,,,,,,,,,,,,,,,,,,,,,,,,,,,,,,,,,,,,,,,,,,,,,
Q10310137,,José Mentor,José Mentor,José Mentor,José Mentor,José Mentor,José Mentor,José Mentor,José Mentor,,José Mentor,male,José,José Mentor,,,José Mentor,Category:José Mentor,,,1948-09-30,,,,,,,,,,,,,,314899867,,,,,,,,,,,,,,,,,,,,,,,,,,,,,,,,,,,,,,,,,,,,,
Q10310206,,José Nobre Guimarães,José Nobre Guimarães,José Nobre Guimarães,José Nobre Guimarães,José Nobre Guimarães,José Nobre Guimarães,José Nobre Guimarães,José Nobre Guimarães,,José Nobre Guimarães,male,José,José Nobre Guimarães,,,José Nobre Guimarães,Category:José Nobre Guimarães,,,1959-02-13,,https://upload.wikimedia.org/wikipedia/commons/7/74/Jose_Guimaraes.jpg,,,,,,,,,,,,,,,,,,,,,,,,,,,,,,,,,,,,,,,,,,,,,,,,,,,,,,,,,
Q10310210,,José Nunes Soares,José Nunes Soares,José Nunes Soares,José Nunes Soares,José Nunes Soares,José Nunes Soares,José Nunes Soares,José Nunes Soares,,José Nunes Soares,male,José,José Nunes Soares,,,José Nunes Soares,,,,1950-12-18,,,,,,,,,,,,,,,,,,,,,,,,,,,,,,,,,,,,,,,,,,,,,,,,,,,,,,,,,,,
Q10310918,,Jovair Arantes,Jovair Arantes,,Jovair Arantes,Jovair Arantes,Jovair Arantes,Jovair Arantes,Jovair Arantes,,Jovair Arantes,male,,Jovair Arantes,,,Jovair Arantes,,,,1951-06-04,,,,,,,,,,,,,,,,,,,,,,,,,,,,,,,,,,,,,,,,,,,,,,,,,,,,,,,,,,,
Q10312002,,João Paulo Tavares Papa,João Paulo Tavares Papa,João Paulo Tavares Papa,João Paulo Tavares Papa,João Paulo Tavares Papa,João Paulo Tavares Papa,João Paulo Tavares Papa,João Paulo Tavares Papa,,João Paulo Tavares Papa,male,João,João Paulo Tavares Papa,,João Paulo Tavares Papa,João Paulo Tavares Papa,,,,1958-07-28,,"https://upload.wikimedia.org/wikipedia/commons/b/b2/Flickr_-_Ministério_da_Cultura_-_Prefeito_de_Santos,_João_Paulo_Papa_(1).jpg",,,,,,,,,,,,,,,,,,,,,,,,,,,,,,,,,,,,,,,,,,,,,,,,,,,,,,,,,
Q10312149,,João Rodrigues,João Rodrigues,João Rodrigues,,,,,João Rodrigues,,João Rodrigues (político),male,João,João Rodrigues (político),,,João Rodrigues,,,,1967-03-23,,,,,,,,,,,,,,,,,,,,,,,,,,,,,,,,,,,,,,,,,,,,,,,,,,,,,,,,,,,
Q10314129,,Keiko Ota,Keiko Ota,Keiko Ota,Keiko Ota,Keiko Ota,Keiko Ota,Keiko Ota,Keiko Ota,,Keiko Ota,female,Keiko,Keiko Ota,,,Keiko Ota,Category:Keiko Ota,,,1956-09-28,,,,,,,,,,,,,,,,,,,,,,,,,,,,,,,,,,,,,,,,,,,,,,,,,,,,,,,,,,,
Q10317356,,Leonardo Picciani,Leonardo Picciani,Leonardo Picciani,Leonardo Picciani,Leonardo Picciani,Leonardo Picciani,Leonardo Picciani,Leonardo Picciani,,Leonardo Picciani,male,Leonardo,Leonardo Picciani,,,Leonardo Picciani,,,,1979-11-06,,https://upload.wikimedia.org/wikipedia/commons/6/6b/Leonardo_Picciani.jpg,Leonardo Picciani,,,,,,,,,,,,,,,,http://www.leonardopicciani.com.br/,,,,,,,,,,,,,,,,,,,,,,,,,,,,,,,,,,,,,,,,
Q10317456,,Leopoldo Meyer,Leopoldo Meyer,Leopoldo Meyer,Leopoldo Meyer,Leopoldo Meyer,Leopoldo Meyer,Leopoldo Meyer,Leopoldo Meyer,,Leopoldo Meyer,male,Leopoldo,Leopoldo Meyer,,,Leopoldo Meyer,,,,1949-11-29,,,,,,,,,,,,,,,,,,,,Meyer,,,,,,,,,,,,,,,,,,,,,,,,,,,,,,,,,,,,,,,
Q10318428,,Lincoln Portela,Lincoln Portela,Lincoln Portela,Lincoln Portela,Lincoln Portela,Lincoln Portela,Lincoln Portela,Lincoln Portela,,Lincoln Portela,male,Lincoln,Lincoln Portela,,,Lincoln Portela,,,,1953-11-03,,,Lincoln Portela,,,,,,,,,,,,,,,,,,,,,,,,,,,,,,,,,,,,,,,,,,,,,,,,,,,,,,,,
Q10320247,,Luciana Barbosa de Oliveira Santos,Luciana Barbosa de Oliveira Santos,Luciana Barbosa de Oliveira Santos,,,,,Luciana Barbosa de Oliveira Santos,,Luciana Barbosa de Oliveira Santos,female,Luciana,Luciana Barbosa de Oliveira Santos,Luciana Barbosa de Oliveira Santos,,Luciana Barbosa de Oliveira Santos,,,Luciana Barbosa de Oliveira Santos,1965-12-29,,,Luciana Barbosa de Oliveira Santos,,,,,,,,,,,,,,,,,,,,,,,,,,,,,,,,,,,,,,,,,,,,,,,,,,,,,,,,
Q10320298,,Luciano Ducci,Luciano Ducci,Luciano Ducci,Luciano Ducci,Luciano Ducci,Luciano Ducci,Luciano Ducci,Luciano Ducci,,Luciano Ducci,male,Luciano,Luciano Ducci,,,Luciano Ducci,,,,1955-03-23,,,Luciano Ducci,,,,,,,,,,,,,,,,,,,,,,,,,,,,,,,,,,,,,,,,,,,,,,,,,,,,,,,,
Q10320531,,Luis Carlos Heinze,Luis Carlos Heinze,Luis Carlos Heinze,Luis Carlos Heinze,Luis Carlos Heinze,Luis Carlos Heinze,Luis Carlos Heinze,Luis Carlos Heinze,,Luis Carlos Heinze,male,Luis,Luis Carlos Heinze,,Luis Carlos Heinze,Luis Carlos Heinze,Category:Luis Carlos Heinze,,,1950-09-14,,,Luis Carlos Heinze,,,,,,,,,,,,,,,,,,,,,,,,,,,,,,,,,,,,,,,,,,,,,,,,,,,,,,,,
Q10320656,,Luiz Carlos Ghiorzzi Busato,Luiz Carlos Ghiorzzi Busato,Luiz Carlos Ghiorzzi Busato,Luiz Carlos Ghiorzzi Busato,Luiz Carlos Ghiorzzi Busato,Luiz Carlos Ghiorzzi Busato,Luiz Carlos Ghiorzzi Busato,Luiz Carlos Ghiorzzi Busato,,Luiz Carlos Ghiorzzi Busato,male,Luiz Carlos,Luiz Carlos Ghiorzzi Busato,,,Luiz Carlos Ghiorzzi Busato,,,,1948-11-06,,,Luiz Carlos Ghiorzzi Busato,,,,,,,,,,,,,,,,,,,,,,,,,,,,,,,,,,,,,,,,,,,,,,,,,,,,,,,,
Q10320658,,Luiz Carlos Hauly,Luiz Carlos Hauly,Luiz Carlos Hauly,Luiz Carlos Hauly,Luiz Carlos Hauly,Luiz Carlos Hauly,Luiz Carlos Hauly,Luiz Carlos Hauly,,Luiz Carlos Hauly,male,Luiz Carlos,Luiz Carlos Hauly,,Luiz Carlos Hauly,Luiz Carlos Hauly,,,,1950-10-08,,,,,,,,,,,,,,,,,,,,,,,,,,,,,,,,,,,,,,,,,,,,,,,,,,,,,,,,,,,
Q10320757,,Luiz Gonzaga Patriota,Luiz Gonzaga Patriota,Luiz Gonzaga Patriota,Luiz Gonzaga Patriota,Luiz Gonzaga Patriota,Luiz Gonzaga Patriota,Luiz Gonzaga Patriota,Luiz Gonzaga Patriota,,Luiz Gonzaga Patriota,male,Luiz,Gonzaga Patriota,,,Luiz Gonzaga Patriota,,,,,,,Luiz Gonzaga Patriota,,,,,,,,,,,,,,,,,,,,,,,,,,,,,,,,,,,,,,,,,,,,,,,,,,,,,,,,
Q10321916,,Lázaro,Lázaro,,,,,,Lázaro,,Lázaro (cantor),male,Lázaro,Lázaro (cantor),,,Lázaro,,,,1966-11-04,,https://upload.wikimedia.org/wikipedia/commons/b/be/Cantor_evangélico_Lazáro.JPG,,,,,,,,,,,,,,,,,,,,,,,,,,,,,,,,,,,,,,,,,,,,,,,,,,,,,,,,,
Q10325327,,Marco Feliciano,Marco Feliciano,Marco Feliciano,Marco Feliciano,Marco Feliciano,Marco Feliciano,Marco Feliciano,Marco Feliciano,,Marco Feliciano,male,Marco,Marco Feliciano,,Marco Feliciano,Marco Feliciano,Category:Marco Feliciano,,,1972-10-12,,,,,Marco Feliciano,,,,,,,,,,,,,,http://www.marcofeliciano.com.br/home,,,,,,,Marco Feliciano,Marco Feliciano,,,,,,,,,,,,,,,,,,,,,,,,,,,,,,,,
Q10325491,,Marcos Rotta,Marcos Rotta,Marcos Rotta,Marcos Rotta,Marcos Rotta,Marcos Rotta,Marcos Rotta,Marcos Rotta,,Marcos Rotta,male,Marcos,Marcos Rotta,,,Marcos Rotta,,,,,,,Marcos Rotta,,,,,,,,,,,,,,,,,,,,,,,,,,,,,,,,,,,,,,,,,,,,,,,,,,,,,,,,
Q10329753,,Miguel Corrêa,Miguel Corrêa,Miguel Corrêa,Miguel Corrêa,Miguel Corrêa,Miguel Corrêa,Miguel Corrêa,Miguel Corrêa,,Miguel Corrêa,male,Miguel,Miguel Corrêa,,Miguel Corrêa,Miguel Corrêa,,,,,,,,,,,,,,,,,,,,,,,,,,,,,,,,,,,,,,,,,,,,,,,,,,,,,,,,,,,,,,,
Q10329788,,Miguel Haddad,Miguel Haddad,Miguel Haddad,Miguel Haddad,Miguel Haddad,Miguel Haddad,Miguel Haddad,Miguel Haddad,,Miguel Haddad,male,Miguel,Miguel Haddad,,Miguel Haddad,Miguel Haddad,,,,1957-10-15,,,Miguel Haddad,,,,,,,,,,,,,,,,,,,,,,,,,,,,,,,,,,,,,,,,,,,,,,,,,,,,,,,,
Q10330132,,Milton Monti,Milton Monti,Milton Monti,Milton Monti,Milton Monti,Milton Monti,Milton Monti,Milton Monti,,Milton Monti,male,Milton,Milton Monti,,Milton Monti,Milton Monti,,,,1961-06-11,,https://upload.wikimedia.org/wikipedia/commons/4/41/Milton_Monti_-_Avaré_REFON_4w.jpg,Milton Monti,,,,,,,,,,,,,,,,,,,,,,,,,,,,,,,,,,,,,,,,,,,,,,,,,,,,,,,,
Q10334291,,Márcio Biolchi,Márcio Biolchi,Márcio Biolchi,Márcio Biolchi,Márcio Biolchi,Márcio Biolchi,Márcio Biolchi,Márcio Biolchi,,Márcio Biolchi,male,Márcio,Márcio Biolchi,,,Márcio Biolchi,,,,,,,,,,,,,,,,,,,,,,,,,,,,,,,,,,,,,,,,,,,,,,,,,,,,,,,,,,,,,,,
Q10336092,,Nelson Marchezan Júnior,Nelson Marchezan Júnior,Nelson Marchezan Júnior,,,,,Nelson Marchezan Júnior,,Nelson Marchezan Júnior,male,Nelson,Nelson Marchezan Júnior,,,Nelson Marchezan Júnior,,,,1971-11-30,,,,,,,,,,,,,,,,,,,,,,,,,,,,,,,,,,,,,,,,,,,,,,,,,,,,,,,,,,,
Q10336095,,Nelson Marquezelli,Nelson Marquezelli,Nelson Marquezelli,Nelson Marquezelli,Nelson Marquezelli,Nelson Marquezelli,Nelson Marquezelli,Nelson Marquezelli,,Nelson Marquezelli,male,Nelson,Nelson Marquezelli,Nelson Marquezelli,Nelson Marquezelli,Nelson Marquezelli,Category:Nelson Marquezelli,,,1941-11-29,,https://upload.wikimedia.org/wikipedia/commons/7/76/Nelson_marquezelli.jpg,Nelson Marquezelli,,,,,,,,,,,,,,,,,,,,,,,,,,,,,,,,,,,,,,,,,,,,,,,,,,,,,,,,
Q10336106,,Nelson Pelegrino,Nelson Pelegrino,Nelson Pelegrino,Nelson Pelegrino,Nelson Pelegrino,Nelson Pelegrino,Nelson Pelegrino,Nelson Pelegrino,,Nelson Pelegrino,male,Nelson,Nelson Pelegrino,,,Nelson Pelegrino,,,,1960-02-27,,https://upload.wikimedia.org/wikipedia/commons/2/27/Nelson_Pelegrino_deputado.jpg,Nelson Pelegrino,,,,,,,,,,,,,,,,,,,,,,,,,,,,,,,,,,,,,,,,,,,,,,,,,,,,,,,,
Q10340213,,Odair Cunha,Odair Cunha,Odair Cunha,Odair Cunha,Odair Cunha,Odair Cunha,Odair Cunha,Odair Cunha,,Odair Cunha,male,Odair,Odair Cunha,,,Odair Cunha,,,,1976-06-18,,,Odair Cunha,,,,,,,,,,,,,,,,,,,,,,,,,,,,,,,,,,,,,,,,,,,,,,,,,,,,,,,,
Q10341050,,Onyx Lorenzoni,Onyx Lorenzoni,Onyx Lorenzoni,Onyx Lorenzoni,Onyx Lorenzoni,Onyx Lorenzoni,Onyx Lorenzoni,Onyx Lorenzoni,,Onyx Lorenzoni,male,,Onyx Lorenzoni,,,Onyx Lorenzoni,Category:Onyx Dornelles Lorenzoni,,,1954-10-03,,https://upload.wikimedia.org/wikipedia/commons/b/b4/Onyx_Lorenzoni.JPG,,,,,,,,,,,,,,,,,,,,,,,,,,,,,,,,,,,,,,,,,,,,,,,,,,,,,,,,,
Q10342261,,Osmar Serraglio,Osmar Serraglio,Osmar Serraglio,Osmar Serraglio,Osmar Serraglio,Osmar Serraglio,Osmar Serraglio,Osmar Serraglio,,Osmar Serraglio,male,Osmar,Osmar Serraglio,,,Osmar Serraglio,,,,1948-05-23,,,Osmar Serraglio,,,,,,,,,,,,,,,,,,,,,,,,,,,,,,,,,,,,,,,,,,,,,,,,,,,,,,,,
Q10342262,,Osmar Terra,Osmar Terra,Osmar Terra,Osmar Terra,Osmar Terra,Osmar Terra,Osmar Terra,Osmar Terra,,Osmar Terra,male,Osmar,Osmar Terra,,,Osmar Terra,,,,1950-02-18,,,Osmar Terra,,,,,,,,,,,,,,,,,,,,,,,,,,,,,,,,,,,,,,,,,,,,,,,,,,,,,,,,
Q10342448,,Otavio Leite,Otavio Leite,Otavio Leite,Otavio Leite,Otavio Leite,Otavio Leite,Otavio Leite,Otavio Leite,,Otavio Leite,male,Otavio,Otávio Leite,,Otavio Leite,Otavio Leite,,,,1961-07-29,,https://upload.wikimedia.org/wikipedia/commons/8/8f/Otavio_Leite.jpg,Otavio Leite,,,,,,,,,,,,,,,,,,,,,,,,,,,,,,,,,,,,,,,,,,,,,,,,,,,,,,,,
Q10346153,,Patrus Ananias,Patrus Ananias,Patrus Ananias,Patrus Ananias,Patrus Ananias,Patrus Ananias,Patrus Ananias,Patrus Ananias,,Patrus Ananias,male,,Patrus Ananias,,Patrus Ananias,Patrus Ananias,Category:Patrus Ananias,,,1952-01-26,,https://upload.wikimedia.org/wikipedia/commons/d/d6/Patrus_Ananias.jpeg,Patrus Ananias,,,,,,,,,,,,,,,,,,,,,,,,,,,,,,,,,,,,,,,,,,,,,,,,,,,,,,,,
Q10346258,,Pauderney Avelino,Pauderney Avelino,Pauderney Avelino,Pauderney Avelino,Pauderney Avelino,Pauderney Avelino,Pauderney Avelino,Pauderney Avelino,,Pauderney Avelino,male,,Pauderney Avelino,,,Pauderney Avelino,,,,1954-09-24,,https://upload.wikimedia.org/wikipedia/commons/5/5e/Pauderney_Avelino.jpg,,,,,,,,,,,,,,,,,,,,,,,,,,,,,,,,,,,,,,,,,,,,,,,,,,,,,,,,,
Q10346569,,Paulo Feijó,Paulo Feijó,Paulo Feijó,Paulo Feijó,Paulo Feijó,Paulo Feijó,Paulo Feijó,Paulo Feijó,,Paulo Feijó,male,Paulo,Paulo Feijó,,,Paulo Feijó,,,,1958-05-11,,https://upload.wikimedia.org/wikipedia/commons/0/0f/PauloAFeijo.jpg,,,,,,,,,,,,,,,,,,,,,,,,,,,,,,,,,,,,,,,,,,,,,,,,,,,,,,,,,
Q10346741,,Paulo Pereira da Silva,Paulo Pereira da Silva,Paulo Pereira da Silva,,,,,Paulo Pereira da Silva,,Paulo Pereira da Silva,male,Paulo,Paulinho da Força,,,Paulo Pereira da Silva,Category:Paulo Pereira da Silva,,,1956-01-25,,https://upload.wikimedia.org/wikipedia/commons/7/7c/Paulinho_Força_Sindical.jpeg,Paulo Pereira da Silva,,,,,,,,,,,,,,,,,,,,,,,,,,,,,,,,,,,,,,,,,,,,,,,,,,,,,,,,
Q10346742,,Paulo Pimenta,Paulo Pimenta,Paulo Pimenta,Paulo Pimenta,Paulo Pimenta,Paulo Pimenta,Paulo Pimenta,Paulo Pimenta,,Paulo Pimenta,male,Paulo,Paulo Pimenta,,,Paulo Pimenta,Category:Paulo Pimenta,,,1965-03-19,,,Paulo Pimenta,,,,,,,,,,,,,,,,,,,,,,,,,,,,,,,,,,,,,,,,,,,,,,,,,,,,,,,,
Q10346852,,Paulo Teixeira,Paulo Teixeira,Paulo Teixeira,,,,,Paulo Teixeira,,Paulo Teixeira (político),male,Paulo,Paulo Teixeira (político),,,Paulo Teixeira,Category:Paulo Teixeira (politician),,,1961-05-06,,https://upload.wikimedia.org/wikipedia/commons/8/83/Paulo_Teixeira_deputado_federal.jpg,,,,,,,,,,,,,,,,,,,,,,,,,,,,,,,,,,,,,,,,,,,,,,,,,,,,,,,,,
Q10347393,,Pedro Chaves,Pedro Chaves,Pedro Chaves,,,,,Pedro Chaves,,Pedro Chaves (político),male,Pedro,Pedro Chaves (político),,,,,,,,,,,,,,,,,,,,,,,,,,,,,,,,,,,,,,,,,,,,,,,,,,,,,,,,,,,,,,,,,,
Q10347687,,Pedro Paulo,Pedro Paulo,Pedro Paulo,,,,,Pedro Paulo,,Pedro Paulo (político),male,Pedro,Pedro Paulo (político fluminense),,,,,,,,,,,,,,,,,,,,,,,,,,,,,,,,,,,,,,,,,,,,,,,,,,,,,,,,,,,,,,,,,,
Q10347794,,Pedro Uczai,Pedro Uczai,Pedro Uczai,,,,,Pedro Uczai,,Pedro Uczai,male,Pedro,Pedro Uczai,,,Pedro Uczai,,,,1963-03-10,,,Pedro Uczai,,,,,,,,,,,,,,,,,,,,,,,,,,,,,,,,,,,,,,,,,,,,,,,,,,,,,,,,
Q10348317,,Peninha,Peninha,,,,,,Peninha,,Peninha (político),male,,Peninha (político),Peninha,Peninha,Peninha,,,,1953-01-27,,,,,,,,,,,,,,,,,,,,,,,,,,,,,,,,,,,,,,,,,,,,,,,,,,,,,,,,,,,
Q10348421,,Pepe Vargas,Pepe Vargas,Pepe Vargas,Pepe Vargas,Pepe Vargas,Pepe Vargas,Pepe Vargas,Pepe Vargas,,Pepe Vargas,male,Pepe,Pepe Vargas,,,Pepe Vargas,Category:Pepe Vargas,,,1958-10-29,,https://upload.wikimedia.org/wikipedia/commons/8/86/Pepe_Vargas.jpg,Pepe Vargas,,,,,,,,,,,,,,,,,,,,,,,,,,,,,,,,,,,,,,,,,,,,,,,,,,,,,,,,
Q10359026,,Rejane Dias,Rejane Dias,Rejane Dias,,,,,Rejane Dias,,Rejane Dias,female,,Rejane Dias,,,,,,,1972-09-04,,,,,,,,,,,,,,,,,,,,,,,,,,,,,,,,,,,,,,,,,,,,,,,,,,,,,,,,,,,
Q10359324,,Renato Delmar Molling,Renato Delmar Molling,Renato Delmar Molling,,,,,Renato Delmar Molling,,Renato Delmar Molling,male,Renato,Renato Delmar Molling,,,Renato Delmar Molling,,,,1960-10-01,,,Renato Delmar Molling,,,,,,,,,,,,,,,,,,,,,,,,,,,,,,,,,,,,,,,,,,,,,,,,,,,,,,,,
Q10361085,,Ricardo Barros,Ricardo Barros,Ricardo Barros,Ricardo Barros,Ricardo Barros,Ricardo Barros,Ricardo Barros,Ricardo Barros,,Ricardo Barros,male,Ricardo,Ricardo Barros,,,Ricardo Barros,,,,1959-11-15,,https://upload.wikimedia.org/wikipedia/commons/b/bd/Plenário_do_Congresso_(23516073810).jpg,Ricardo Barros,,,,,,,,,,,,,,,,,,,,,,,,,,,,,,,,,,,,,,,,,,,,,,,,,,,,,,,,
Q10361158,,Ricardo Izar Júnior,Ricardo Izar Júnior,Ricardo Izar Júnior,Ricardo Izar Júnior,Ricardo Izar Júnior,Ricardo Izar Júnior,Ricardo Izar Júnior,Ricardo Izar Júnior,,Ricardo Izar Júnior,male,Ricardo,Ricardo Izar Júnior,,,Ricardo Izar Júnior,,,,,,,,,,,,,,,,,,,,,,,,,,,,,,,,,,,,,,,,,,,,,,,,,,,,,,,,,,,,,,,
Q10361241,,Ricardo Tripoli,Ricardo Tripoli,Ricardo Tripoli,Ricardo Tripoli,Ricardo Tripoli,Ricardo Tripoli,Ricardo Tripoli,Ricardo Tripoli,,Ricardo Tripoli,male,Ricardo,Ricardo Tripoli,,Ricardo Tripoli,Ricardo Tripoli,,,,,,,Ricardo Tripoli,,,,,,,,,,,,,,,,http://www.tripoli.com.br,,,,,,,,,,,,,,,,,,,,,,,,,,,,,,,,,,,,,,,,
Q10363867,,Rodrigo Garcia,Rodrigo Garcia,Rodrigo Garcia,Rodrigo Garcia,Rodrigo Garcia,Rodrigo Garcia,Rodrigo Garcia,Rodrigo Garcia,,Rodrigo Garcia,male,Rodrigo,Rodrigo Garcia,,Rodrigo Garcia,Rodrigo Garcia,,,,1974-05-10,,,Rodrigo Garcia,,,,,,,,,,,,,,,,,,,,,,,,,,,,Родриго Гарсия,,,,,,,,,,,,,,,,,,,,,,,,,,,,
Q10364343,,Ronaldo Benedet,Ronaldo Benedet,Ronaldo Benedet,Ronaldo Benedet,Ronaldo Benedet,Ronaldo Benedet,Ronaldo Benedet,Ronaldo Benedet,,Ronaldo Benedet,male,Ronaldo,Ronaldo Benedet,,Ronaldo Benedet,Ronaldo Benedet,,,,1956-03-09,,,Ronaldo Benedet,,,,,,,,,,,,,,,,,,,,,,,,,,,,,,,,,,,,,,,,,,,,,,,,,,,,,,,,
Q10365087,,Rubens Bueno,Rubens Bueno,Rubens Bueno,Rubens Bueno,Rubens Bueno,Rubens Bueno,Rubens Bueno,Rubens Bueno,,Rubens Bueno,male,Rubens,Rubens Bueno,,,Rubens Bueno,Category:Rubens Bueno,,,1948-05-23,,,Rubens Bueno,,,,,,,,,,,,,,,,,,,,,,,,,,,,,,,,,,,,,,,,,,,,,,,,,,,,,,,,
Q10365112,,Rubens Otoni,Rubens Otoni,Rubens Otoni,Rubens Otoni,Rubens Otoni,Rubens Otoni,Rubens Otoni,Rubens Otoni,,Rubens Otoni,male,Rubens,Rubens Otoni,,Rubens Otoni,Rubens Otoni,,,,1956-02-06,,,Rubens Otoni,,,,,,,,,,,,,,,,,,,,,,,,,,,,,,,,,,,,,,,,,,,,,,,,,,,,,,,,
Q10367339,,Samuel Moreira,Samuel Moreira,Samuel Moreira,Samuel Moreira,Samuel Moreira,Samuel Moreira,Samuel Moreira,Samuel Moreira,,Samuel Moreira,male,Samuel,Samuel Moreira,,,Samuel Moreira,,,,,,,Samuel Moreira,,,,,,,,,,,,,,,,,,,,,,,,,,,,,,,,,,,,,,,,,,,,,,,,,,,,,,,,
Q10370250,,Sergio Zveiter,Sergio Zveiter,Sergio Zveiter,Sergio Zveiter,Sergio Zveiter,Sergio Zveiter,Sergio Zveiter,Sergio Zveiter,,Sergio Zveiter,male,Sergio,Sergio Zveiter,,Sergio Zveiter,Sergio Zveiter,Category:Sergio Zveiter,,,1956-05-18,,,Sergio Zveiter,,,,,,,,,,,,,,,,,,,,,,,,,,,,,,,,,,,,,,,,,,,,,,,,,,,,,,,,
Q10371318,,Sibá Machado,Sibá Machado,Sibá Machado,Sibá Machado,Sibá Machado,Sibá Machado,Sibá Machado,Sibá Machado,,Sibá Machado,male,,Sibá Machado,,Sibá Machado,Sibá Machado,Category:Sibá Machado,,,1958-01-24,,,,,,,,,,,,,,,,,,,,,,,,,,,,,,,,,,,,,,,,,,,,,,,,,,,,,,,,,,,
Q10371458,,Silas Câmara,Silas Câmara,Silas Câmara,Silas Câmara,Silas Câmara,Silas Câmara,Silas Câmara,Silas Câmara,,Silas Câmara,male,Silas,Silas Câmara,,,Silas Câmara,,,,,,,,,,,,,,,,,,,,,,,,,,,,,,,,,,,,,,,,,,,,,,,,,,,,,,,,,,,,,,,
Q10371761,,Simão Sessim,Simão Sessim,Simão Sessim,Simão Sessim,Simão Sessim,Simão Sessim,Simão Sessim,Simão Sessim,,Simão Sessim,male,Simão,Simão Sessim,,,Simão Sessim,,,,1935-12-08,,,,,,,,,,,,,,,,,,,,,,,,,,,,,,,,,,,,,,,,,,,,,,,,,,,,,,,,,,,
Q10376185,,Sérgio Moraes,Sérgio Moraes,Sérgio Moraes,,,,,Sérgio Moraes,,Sérgio Moraes (político),male,Sérgio,Sérgio Moraes,Sérgio Moraes,,,Category:Sérgio Moraes (politician),,,1958-04-27,,https://upload.wikimedia.org/wikipedia/commons/6/63/Sérgio_Moraes.jpg,,,,,,,,,,,,,,,,,,,,,,,,,,,,,,,,,,,,,,,,,,,,,,,,,,,,,,,,,
Q10376265,,Sérgio de Souza,Sérgio de Souza,Sérgio de Souza,,,,,Sérgio de Souza,,Sergio Souza,male,Sérgio,Sérgio Souza,,Sérgio de Souza,Sérgio de Souza,Category:Sergio Souza,,,1971-03-13,,https://upload.wikimedia.org/wikipedia/commons/6/6f/Sergio_de_souza.jpg,,,,,,,,,,,,,,,,,,,,,,,,,,,,,,,,,,,,,,,,,,,,,,,,,,,,,,,,,
Q10376392,,Sílvio Torres,Sílvio Torres,Sílvio Torres,Sílvio Torres,Sílvio Torres,Sílvio Torres,Sílvio Torres,Sílvio Torres,,Sílvio Torres,male,Sílvio,Silvio Torres,,Sílvio Torres,Sílvio Torres,,,,1946-06-01,,,,,,,,,,,,,,,,,,,,,,,,,,,,,,,,,,,,,,,,,,,,,,,,,,,,,,,,,,,
Q10382102,,Thiago Peixoto,Thiago Peixoto,Thiago Peixoto,Thiago Peixoto,Thiago Peixoto,Thiago Peixoto,Thiago Peixoto,Thiago Peixoto,,Thiago Peixoto,male,Thiago,Thiago Peixoto,,Thiago Peixoto,Thiago Peixoto,,,,1974-07-22,,,,,,,,,,,,,,,,,,,http://www.thiagopeixoto.com.br,,,,,,,,,,,,,,,,,,,,,,,,,,,,,,,,,,,,,,,,
Q10390275,,Vicente Paulo da Silva,Vicente Paulo da Silva,Vicente Paulo da Silva,,,,,Vicente Paulo da Silva,,Vicente Paulo da Silva,male,Vicente,Vicentinho,,Vicente Paulo da Silva,Vicente Paulo da Silva,Category:Vicente Paulo da Silva,,,1956-04-08,,,Vicente Paulo da Silva,,,,,,,,,,,,,,,,,,,,,,,,,,,,,,,,,,,,,,,,,,,,,,,,,,,,,,,,
Q10391596,,Vinicius Rapozo de Carvalho,Vinicius Rapozo de Carvalho,Vinicius Rapozo de Carvalho,,,,,Vinicius Rapozo de Carvalho,,Vinicius Rapozo de Carvalho,male,Vinicius,Vinicius Rapozo de Carvalho,,,Vinicius Rapozo de Carvalho,,,,,,,Vinicius Rapozo de Carvalho,,,,,,,,,,,,,,,,,,,,,,,,,,,,,,,,,,,,,,,,,,,,,,,,,,,,,,,,
Q10392736,,Vítor Lippi,Vítor Lippi,Vítor Lippi,Vítor Lippi,Vítor Lippi,Vítor Lippi,Vítor Lippi,Vítor Lippi,,Vítor Lippi,male,Vítor,Vitor Lippi,,Vítor Lippi,Vítor Lippi,,,,1959-05-18,,,,,,,,,,,,,,,,,,,,,,,,,,,,,,,,,,,,,,,,,,,,,,,,,,,,,,,,,,,
Q10392958,,Waldir Maranhão,Waldir Maranhão,Waldir Maranhão,Waldir Maranhão,Waldir Maranhão,Waldir Maranhão,Waldir Maranhão,Waldir Maranhão,,Waldir Maranhão,male,Waldir,Waldir Maranhão,,,Waldir Maranhão,Category:Waldir Maranhão,,,1955-08-04,,,,,,,,,,,,,,,,,,,,,,,,,,,,,,,,,,,,,,,,,,,,,,,,,,,,,,,,,,,
Q10393111,,Walter Shindi Ihoshi,Walter Shindi Ihoshi,Walter Shindi Ihoshi,Walter Shindi Ihoshi,Walter Shindi Ihoshi,Walter Shindi Ihoshi,Walter Shindi Ihoshi,Walter Shindi Ihoshi,,Walter Shindi Ihoshi,male,Walter,Walter Ihoshi,,,Walter Shindi Ihoshi,,,,,,,,,,,,,,,,,,,,,,,,,,,,,,,,,,,,,,,,,,,,,,,,,,,,,,,,,,,,,,,
Q10393239,,Washington Reis,Washington Reis,Washington Reis,Washington Reis,Washington Reis,Washington Reis,Washington Reis,Washington Reis,,Washington Reis,male,Washington,Washington Reis,,,Washington Reis,,,,,,,,,,,,,,,,,,,,,,,,,,,,,,,,,,,,,,,,,,,,,,,,,,,,,,,,,,,,,,,
Q10393971,,Wolney Queiroz,Wolney Queiroz,Wolney Queiroz,Wolney Queiroz,Wolney Queiroz,Wolney Queiroz,Wolney Queiroz,Wolney Queiroz,,Wolney Queiroz,male,,Wolney Queiroz,,,Wolney Queiroz,,,,1972-12-12,,,,,,,,,,,,,,,,,,,,,,,,,,,,,,,,,,,,,,,,,,,,,,,,,,,,,,,,,,,
Q10394963,,Zeca do PT,Zeca do PT,Zeca do PT,,,,,Zeca do PT,,Zeca do PT,male,Zeca,Zeca do PT,,,Zeca do PT,,,,1950-02-24,,,Zeca do PT,,,,,,,,,,,,,,,,,,,,,,,,,,,,,,,,,,,,,,,,,,,,,,,,,,,,,,,,
Q10396030,,Átila Lins,Átila Lins,Átila Lins,Átila Lins,Átila Lins,Átila Lins,Átila Lins,Átila Lins,,Átila Lins,male,Átila,Átila Lins,,,Átila Lins,,,,,,,,,,,,,,,,,,,,,,,,,,,,,,,,,,,,,,,,,,,,,,,,,,,,,,,,,,,,,,,
Q1486078,,Luiz Sérgio Nóbrega de Oliveira,Luiz Sérgio Nóbrega de Oliveira,Luiz Sérgio Nóbrega de Oliveira,,,,,Luiz Sérgio Nóbrega de Oliveira,,Luiz Sérgio Nóbrega de Oliveira,male,Luiz,Luiz Sérgio,,,Luiz Sérgio Nóbrega de Oliveira,,,,1958-04-09,,https://upload.wikimedia.org/wikipedia/commons/2/22/Luiz_sergio_2011.jpg,,,Luiz Sérgio Nóbrega de Oliveira,,,,,,,,,,,,,,http://www.luizsergio.com.br/,,,,,,,,,,,,,,,,,,,,,,,,,,,,,,,,,,,,,,,,
Q1507594,,George Hilton,George Hilton,George Hilton,George Hilton,George Hilton,George Hilton,George Hilton,George Hilton,,George Hilton,male,George,George Hilton,George Hilton,George Hilton,George Hilton,Category:George Hilton,George Hilton (actor),George Hilton,1934-07-16,/m/0g22_k,https://upload.wikimedia.org/wikipedia/commons/a/a0/Vado_l_ammazzo_e_torno-George_Hilton.jpg,George Hilton,,George Hilton,George Hilton,,,,George Hilton,,,,78463352,,,,,,,14187121g,,,,,George Hilton,George Hilton,,,,Джордж Хилтон,,,,,,,,,,,,,,,,,,,,nm0385253,,George Hilton,George Hilton,George Hilton (actor),George Hilton,0000 0000 7823 8204,13944839X,p32406
Q16336306,,Alessandro Molon,Alessandro Molon,Alessandro Molon,,,,,Alessandro Molon,,Alessandro Molon,male,Alessandro,Alessandro Molon,,Alessandro Molon,Alessandro Molon,,Alessandro Molon,,1971,,https://upload.wikimedia.org/wikipedia/commons/d/de/Alessandro_Molon_2011.jpg,Alessandro Molon,,,,,,,,,,,,,,,,,,,,,,,,,,,,,,,,,,,,,,,,,,,,,,,,,,,,,,,,
Q16336322,,Alex Manente,Alex Manente,Alex Manente,,,,,Alex Manente,,Alex Manente,male,Alex,Alex Manente,,,Alex Manente,,,,1979-08-22,,https://upload.wikimedia.org/wikipedia/commons/f/fb/AlexManenteWikipedia2015.jpg,,,,,,,,,,,,,,,,,http://www.alexmanente.com.br,,,,,,,,,,,,,,,,,,,,,,,,,,,,,,,,,,,,,,,,
Q16336345,,Alexandre Leite,Alexandre Leite,Alexandre Leite,,,,,Alexandre Leite,,Alexandre Leite,male,Alexandre,Alexandre Leite,,,Alexandre Leite,,,,1989-04-18,,,,,,,,,,,,,,,,,,,http://www.familiamiltonleite.com.br/index.php,,,,,,,,,,,,,,,,,,,,,,,,,,,,,,,,,,,,,,,,
Q16336689,,Antonio Bulhões,Antonio Bulhões,Antonio Bulhões,,,,,Antonio Bulhões,,Antonio Bulhões,male,Antonio,Antonio Bulhões,,,Antonio Bulhões,,,,1968-05-05,,,,,,,,,,,,,,,,,,,http://www.deputadoantoniobulhoes.com.br/,,,,,,,,,,,,,,,,,,,,,,,,,,,,,,,,,,,,,,,,
Q16336792,,Arnaldo Faria de Sá,Arnaldo Faria de Sá,Arnaldo Faria de Sá,,,,,Arnaldo Faria de Sá,,Arnaldo Faria de Sá,male,Arnaldo,Arnaldo Faria de Sá,,,Arnaldo Faria de Sá,,,,1945-12-30,,,,,,,,,,,,,,,,,,,,,,,,,,,,,,,,,,,,,,,,,,,,,,,,,,,,,,,,,,,
Q16336809,,Assis do Couto,Assis do Couto,Assis do Couto,,,,,Assis do Couto,,Assis do Couto,male,Assis,Assis do Couto,,,Assis do Couto,Category:Assis do Couto,,,1961-10-17,,https://upload.wikimedia.org/wikipedia/commons/4/43/CDHMVJ_-_Subcomissão_da_Memória_Verdade_e_Justiça_(15811030190).jpg,Assis do Couto,,,,,,,,,,,,,,,,,,,,,,,,,,,,,,,,,,,,,,,,,,,,,,,,,,,,,,,,
Q16336968,,Bruna Furlan,Bruna Furlan,Bruna Furlan,,,,,Bruna Furlan,,Bruna Furlan,female,Bruna,Bruna Furlan,,,Bruna Furlan,,,,1983-04-28,,,Bruna Furlan,,,,,,,,,,,,,,,,,,,,,,,,,,,,,,,,,,,,,,,,,,,,,,,,,,,,,,,,
Q16337140,,Celso Russomanno,Celso Russomanno,Celso Russomanno,,,,,Celso Russomanno,,Celso Russomanno,male,Celso,Celso Russomanno,,Celso Russomanno,Celso Russomanno,Category:Celso Russomanno,,,1956-08-20,,https://upload.wikimedia.org/wikipedia/commons/6/6f/Russomano.jpg,Celso Russomanno,,,,,,,,,,,,,,,,,,,,,,,,,,,,,,,,,,,,,,,,,,,,,,,,,,,,,,,,
Q16337174,,Chico Lopes,Chico Lopes,Chico Lopes,,,,,Chico Lopes,,Chico Lopes (político),male,Chico,Chico Lopes (político),,,Chico Lopes,Category:Chico Lopes,,,1939-08-13,,,,,,,,,,,,,,,,,,,,,,,,,,,,,,,,,,,,,,,,,,,,,,,,,,,,,,,,,,,
Q16337464,,Fernando Francischini,Fernando Francischini,Fernando Francischini,,,,,Fernando Francischini,,Fernando Francischini,male,Fernando,Fernando Francischini,,,Fernando Francischini,,,,1970-03-26,,,Fernando Francischini,,,,,,,,,,,,,,,,,,,,,,,,,,,,,,,,,,,,,,,,,,,,,,,,,,,,,,,,
Q16337536,,Guilherme Mussi,Guilherme Mussi,Guilherme Mussi,,,,,Guilherme Mussi,,Guilherme Mussi,male,Guilherme,Guilherme Mussi,,Guilherme Mussi,Guilherme Mussi,,,,1982-10-14,,,Guilherme Mussi,,,,,,,,,,,,,,,,http://www.guilhermemussi.com.br/,,,,,,,,,,,,,,,,,,,,,,,,,,,,,,,,,,,,,,,,
Q16337567,,Hidekazu Takayama,Hidekazu Takayama,Hidekazu Takayama,,,,,Hidekazu Takayama,,Hidekazu Takayama,male,Hidekazu,Hidekazu Takayama,,,,,,,1948-04-20,,,,,,,,,,,,,,,,,,,,,,,,,,,,,,,,,,,,,,,,,,,,,,,,,,,,,,,,,,,
Q16337672,,José Aírton Cirilo,José Aírton Cirilo,José Aírton Cirilo,,,,,José Aírton Cirilo,,José Airton,male,José,José Airton,,,,,,,1957-02-21,,,,,,,,,,,,,,,,,,,,,,,,,,,,,,,,,,,,,,,,,,,,,,,,,,,,,,,,,,,
Q16337696,,José Olímpio Silveira Moraes,José Olímpio Silveira Moraes,José Olímpio Silveira Moraes,,,,,José Olímpio Silveira Moraes,,José Olímpio Silveira Moraes,male,José,Missionário José Olímpio,,,José Olímpio Silveira Moraes,,,,1956-12-11,,,,,,,,,,,,,,,,,,,,,,,,,,,,,,,,,,,,,,,,,,,,,,,,,,,,,,,,,,,
Q16337816,,Luiz Nishimori,Luiz Nishimori,Luiz Nishimori,,,,,Luiz Nishimori,,Luiz Nishimori,male,Luiz,Luiz Nishimori,,,Luiz Nishimori,,,,1949-04-09,,,Luiz Nishimori,,,,,,,,,,,,,,,,,,,,,,,,,,,,,,,,,,,,,,,,,,,,,,,,,,,,,,,,
Q16489061,,Altineu Cortes,Altineu Cortes,Altineu Cortes,,,,,Altineu Cortes,,Altineu Cortes,male,,Altineu Cortes,,,Altineu Cortes,,,,1968-09-13,,,Altineu Cortes,,,,,,,,,,,,,,,,,,,,,,,,,,,,,,,,,,,,,,,,,,,,,,,,,,,,,,,,
Q16490361,,André de Paula,André de Paula,André de Paula,,,,,André de Paula,,André de Paula,male,André,André de Paula,,André de Paula,André de Paula,,,,1961-07-22,,,,,,,,,,,,,,,,,,,,,,,,,,,,,,,,,,,,,,,,,,,,,,,,,,,,,,,,,,,
Q16490661,,Aníbal Ferreira Gomes,Aníbal Ferreira Gomes,Aníbal Ferreira Gomes,,,,,Aníbal Ferreira Gomes,,Aníbal Ferreira Gomes,male,Aníbal,Aníbal Ferreira Gomes,,,Aníbal Ferreira Gomes,,,,1953-06-07,,,,,,,,,,,,,,,,,,,,,,,,,,,,,,,,,,,,,,,,,,,,,,,,,,,,,,,,,,,
Q16493911,,Arnaldo Jardim,Arnaldo Jardim,Arnaldo Jardim,,,,,Arnaldo Jardim,,Arnaldo Jardim,male,Arnaldo,Arnaldo Jardim,,,Arnaldo Jardim,Category:Arnaldo Jardim,,,1955-05-08,,,,,,,,,,,,,,,,,,,,,,,,,,,,,,,,,,,,,,,,,,,,,,,,,,,,,,,,,,,
Q16494207,,Arthur Bisneto,Arthur Bisneto,Arthur Bisneto,,,,,Arthur Bisneto,,Arthur Bisneto,male,Arthur,Arthur Bisneto,,Arthur Bisneto,Arthur Bisneto,,,,1979-10-01,,,Arthur Bisneto,,,,,,,,,,,,,,,,,,,,,,,,,,,,,,,,,,,,,,,,,,,,,,,,,,,,,,,,
Q16592910,,Conceição Sampaio,Conceição Sampaio,Conceição Sampaio,,,,,Conceição Sampaio,,Conceição Sampaio,female,Conceição,Conceição Sampaio,,,Conceição Sampaio,,,,,,,,,,,,,,,,,,,,,,,,,,,,,,,,,,,,,,,,,,,,,,,,,,,,,,,,,,,,,,,
Q16939738,,Chico d'Ângelo,Chico d'Ângelo,Chico d'Ângelo,,,,,Chico d'Ângelo,,Chico d'Ângelo,male,Chico,Chico d'Ângelo,,Chico d'Ângelo,Chico d'Ângelo,,,,,,,,,,,,,,,,,,,,,,,,,,,,,,,,,,,,,,,,,,,,,,,,,,,,,,,,,,,,,,,
Q16939890,,Alfredo Kaefer,Alfredo Kaefer,Alfredo Kaefer,,,,,Alfredo Kaefer,,Alfredo Kaefer,male,Alfredo,Alfredo Kaefer,,,,,,,1955-11-07,,,,,,,,,,,,,,,,,,,,,,,,,,,,,,,,,,,,,,,,,,,,,,,,,,,,,,,,,,,
Q16939960,,Dilceu Sperafico,Dilceu Sperafico,Dilceu Sperafico,,,,,Dilceu Sperafico,,Dilceu Sperafico,male,,Dilceu Sperafico,,,Dilceu Sperafico,,,,1948-01-26,,,Dilceu Sperafico,,,,,,,,,,,,,,,,,,,,,,,,,,,,,,,,,,,,,,,,,,,,,,,,,,,,,,,,
Q16940012,,Fernando Giacobo,Fernando Giacobo,Fernando Giacobo,,,,,Fernando Giacobo,,Fernando Giacobo,male,Fernando,Fernando Giacobo,,,Fernando Giacobo,,,,1970-12-17,,,Fernando Giacobo,,,,,,,,,,,,,,,,,,,,,,,,,,,,,,,,,,,,,,,,,,,,,,,,,,,,,,,,
Q16940022,,Flavio Augusto da Silva,Flavio Augusto da Silva,Flavio Augusto da Silva,,,,,Flavio Augusto da Silva,,Flávio Augusto da Silva,male,Flavio,Flávio Augusto da Silva,,,,,,,1972-02-07,,,,,,,,,,,,,,,,,,,,,,,,,,,,,,,,,,,,,,,,,,,,,,,,,,,,,,,,,,,
Q16940201,,Gilberto Nascimento,Gilberto Nascimento,Gilberto Nascimento,,,,,Gilberto Nascimento,,Gilberto Nascimento,male,Gilberto,Gilberto Nascimento,,Gilberto Nascimento,Gilberto Nascimento,,,,1957-07-09,,,Gilberto Nascimento,,,,,,,,,,,,,,,,,,,,,,,,,,,,,,,,,,,,,,,,,,,,,,,,,,,,,,,,
Q16940336,,Nelson Meurer,Nelson Meurer,Nelson Meurer,,,,,Nelson Meurer,,Nelson Meurer,male,Nelson,Nelson Meurer,,,Nelson Meurer,,,,1942-07-23,,,Nelson Meurer,,,,,,,,,,,,,,,,,,,,,,,,,,,,,,,,,,,,,,,,,,,,,,,,,,,,,,,,
Q16940721,,Marco Tebaldi,Marco Tebaldi,Marco Tebaldi,,,,,Marco Tebaldi,,Marco Tebaldi,male,Marco,Marco Tebaldi,,,Marco Tebaldi,,,,1958-01-31,,,Marco Tebaldi,,,,,,,,,,,,,,,,,,,,,,,,,,,,,,,,,,,,,,,,,,,,,,,,,,,,,,,,
Q16940752,,Sandro Alex,Sandro Alex,Sandro Alex,,,,,Sandro Alex,,Sandro Alex,male,Sandro,Sandro Alex,,Sandro Alex,Sandro Alex,,,,1972-11-25,,,,,,,,,,,,,,,,,,,,,,,,,,,,,,,,,,,,,,,,,,,,,,,,,,,,,,,,,,,
Q16940797,,Sérgio Olímpio Gomes,Sérgio Olímpio Gomes,Sérgio Olímpio Gomes,,,,,Sérgio Olímpio Gomes,,Sérgio Olímpio Gomes,male,Sérgio,Sérgio Olímpio Gomes,,,Sérgio Olímpio Gomes,,,,1962-03-20,,,,,,,,,,,,,,,,,,,http://majorolimpio.zip.net/index.html,,,,,,,,,,,,,,,,,,,,,,,,,,,,,,,,,,,,,,,,
Q16941003,,Vanderlei Macris,Vanderlei Macris,Vanderlei Macris,,,,,Vanderlei Macris,,Vanderlei Macris,male,Vanderlei,Vanderlei Macris,,,Vanderlei Macris,,,,1955-05-20,,,Vanderlei Macris,,,,,,,,,,,,,,,,http://www.deputadomacris.com.br/,,,,,,,,,,,,,,,,,,,,,,,,,,,,,,,,,,,,,,,,
Q17267291,,Valdir Colatto,Valdir Colatto,Valdir Colatto,,,,,Valdir Colatto,,Valdir Colatto,male,Valdir,Valdir Colatto,,,Valdir Colatto,,,,1949-10-15,,,Valdir Colatto,,,,,,,,,,,,,,,,,,,,,,,,,,,,,,,,,,,,,,,,,,,,,,,,,,,,,,,,
Q17489967,,Cesar Souza,Cesar Souza,Cesar Souza,,,,,Cesar Souza,,Cesar Souza,male,Cesar,Cesar Souza,,,Cesar Souza,,,,1957-11-08,,,Cesar Souza,,,,,,,,,,,,,,,,,,,,,,,,,,,,,,,,,,,,,,,,,,,,,,,,,,,,,,,,
Q17490028,,Celso Maldaner,Celso Maldaner,Celso Maldaner,,,,,Celso Maldaner,,Celso Maldaner,male,Celso,Celso Maldaner,,,Celso Maldaner,,,,1953-08-30,,,Celso Maldaner,,,,,,,,,,,,,,,,,,,,,,,,,,,,,,,,,,,,,,,,,,,,,,,,,,,,,,,,
Q17490181,,Valdir Rossoni,Valdir Rossoni,Valdir Rossoni,,,,,Valdir Rossoni,,Valdir Rossoni,male,Valdir,Valdir Rossoni,,,Valdir Rossoni,,,,1952-11-23,,,Valdir Rossoni,,,,,,,,,,,,,,,,,,,,,,,,,,,,,,,,,,,,,,,,,,,,,,,,,,,,,,,,
Q18237326,,Aliel Machado,,,,,,,Aliel Machado,,Aliel Machado,male,,Aliel Machado,,,,,,,1989-02-26,,https://upload.wikimedia.org/wikipedia/commons/b/b8/Aliel_Machado.jpg,Aliel Machado,,,,,,,,,,,,,,,,,,,,,,,,,,,,,,,,,,,,,,,,,,,,,,,,,,,,,,,,
Q18243754,,Christiane Yared,,,,,,,Christiane Yared,,Christiane Yared,female,Christiane,Christiane Yared,,,,,,,1960-02-23,,,,,,,,,,,,,,,,,,,,,,,,,,,,,,,,,,,,,,,,,,,,,,,,,,,,,,,,,,,
Q18246320,,Eduardo Bolsonaro,,,,,,,Eduardo Bolsonaro,,Eduardo Bolsonaro,male,Eduardo,Eduardo Bolsonaro,,,,,,,1984-07-10,,,Eduardo Bolsonaro,,,,,,,,,,,,,,,,,,,,,,,,,,,,,,,,,,,,,,,,,,,,,,,,,,,,,,,,
Q18274606,,Carmen Zanotto,,,,,,,Carmen Zanotto,,Carmen Zanotto,female,Carmen,Carmen Zanotto,,,,,,,1962-10-06,,,Carmen Zanotto,,,,,,,,,,,,,,,,,,,,,,,,,,,,,,,,,,,,,,,,,,,,,,,,,,,,,,,,
Q18275320,,Geovânia de Sá,,,,,,,Geovânia de Sá,,Geovania de Sá,female,,Geovânia de Sá,,,,,,,1972-03-30,,,,,,,,,,,,,,,,,,,,,,,,,,,,,,,,,,,,,,,,,,,,,,,,,,,,,,,,,,,
Q18275726,,Hermes Parcianello,,,,,,,Hermes Parcianello,,Hermes Parcianello,male,Hermes,Hermes Parcianello,,,,,,,1958-04-25,,,Hermes Parcianello,,,,,,,,,,,,,,,,,,,,,,,,,,,,,,,,,,,,,,,,,,,,,,,,,,,,,,,,
Q18276132,,João Campos,,,,,,,João Campos,,João Campos (político),male,João,João Campos (político),,,,,,,1962-12-28,,https://upload.wikimedia.org/wikipedia/commons/4/4f/João_Campos.jpg,,,,,,,,,,,,,,,,,,,,,,,,,,,,,,,,,,,,,,,,,,,,,,,,,,,,,,,,,
Q18276168,,João Gualberto,,,,,,,João Gualberto,,João Gualberto,male,João,João Gualberto,,,,,,,,,,,,,,,,,,,,,,,,,,,,,,,,,,,,,,,,,,,,,,,,,,,,,,,,,,,,,,,,,,
Q18285369,,Vicente Cândido,,,,,,,Vicente Cândido,,Vicente Cândido,male,Vicente,Vicente Cândido,,,,,,,,,,,,,,,,,,,,,,,,,,,,,,,,,,,,,,,,,,,,,,,,,,,,,,,,,,,,,,,,,,
Q18464585,,Toninho Wandscheer,,,,,,,Toninho Wandscheer,,Toninho Wandscheer,,,Toninho Wandscheer,,,,,,,1950-08-31,,,,,,,,,,,,,,,,,,,,,,,,,,,,,,,,,,,,,,,,,,,,,,,,,,,,,,,,,,,
Q18472576,,Luiz Henrique Mandetta,,,,,,,Luiz Henrique Mandetta,,Luiz Henrique Mandetta,male,Luiz,Luiz Henrique Mandetta,,,,,,,1964-11-30,,,Luiz Henrique Mandetta,,,,,,,,,,,,,,,,,,,,,,,,,,,,,,,,,,,,,,,,,,,,,,,,,,,,,,,,
Q18476806,,Márcio Alvino,,,,,,,Márcio Alvino,,Márcio Alvino,male,Márcio,Márcio Alvino,,,,,,,1969-06-14,,,,,,,,,,,,,,,,,,,,,,,,,,,,,,,,,,,,,,,,,,,,,,,,,,,,,,,,,,,
Q18707951,,Floriano Pesaro,,,,,,,Floriano Pesaro,,Floriano Pesaro,male,Floriano,Floriano Pesaro,,,,,,,1968-04-14,,,Floriano Pesaro,,,,,,,,,,,,,,,,,,,,,,,,,,,,,,,,,,,,,,,,,,,,,,,,,,,,,,,,
Q18707971,,Hissa Abrahão,,,,,,,Hissa Abrahão,,Hissa Abrahão,male,,Hissa Abrahão,,,,,,,,,,,,,,,,,,,,,,,,,,,,,,,,,,,,,,,,,,,,,,,,,,,,,,,,,,,,,,,,,,
Q18708038,,Marcelo Belinati,,,,,,,Marcelo Belinati,,Marcelo Belinati,male,Marcelo,Marcelo Belinati,,,,,,,1971-07-22,,,Marcelo Belinati,,,,,,,,,,,,,,,,,,,,,,,,,,,,,,,,,,,,,,,,,,,,,,,,,,,,,,,,
Q19607416,,Afonso Antunes da Motta,,,,,,,Afonso Antunes da Motta,,Afonso Antunes da Motta,male,Afonso,Afonso Antunes da Motta,,,,,,,1950-01-08,,,Afonso Antunes da Motta,,,,,,,,,,,,,,,,,,,,,,,,,,,,,,,,,,,,,,,,,,,,,,,,,,,,,,,,
Q19607597,,Antônio Carlos Gomes da Silva,,,,,,,Antônio Carlos Gomes da Silva,,Antônio Carlos Gomes da Silva,male,Antônio,Antonio Carlos Gomes da Silva,,,,,,,1972-06-13,,,,,,,,,,,,,,,,,,,,,,,,,,,,,,,,,,,,,,,,,,,,,,,,,,,,,,,,,,,
Q19607598,,Antonio Goulart dos Reis,,,,,,,Antonio Goulart dos Reis,,Antonio Goulart dos Reis,male,Antonio,Antonio Goulart dos Reis,,,,,,,1963-12-23,,,Antonio Goulart dos Reis,,,,,,,,,,,,,,,,,,,,,,,,,,,,,,,,,,,,,,,,,,,,,,,,,,,,,,,,
Q19705878,,Dionilso Mateus Marcon,,,,,,,Dionilso Mateus Marcon,,Dionilso Mateus Marcon,male,,Dionilso Mateus Marcon,,,,,,,1964-09-21,,,,,,,,,,,,,,,,,,,,,,,,,,,,,,,,,,,,,,,,,,,,,,,,,,,,,,,,,,,
Q19706588,,Elvino Bohn Gass,,,,,,,Elvino Bohn Gass,,Elvino Bohn Gass,male,,Elvino Bohn Gass,,,,,,,1962-02-05,,,,,,,,,,,,,,,,,,,,,,,,,,,,,,,,,,,,,,,,,,,,,,,,,,,,,,,,,,,
Q19707926,,Evandro Gussi,,,,,,,Evandro Gussi,,Evandro Gussi,male,,Evandro Gussi,,,,Category:Evandro Gussi,,,1980-09-11,,,,,,,,,,,,,,,,,,,,,,,,,,,,,,,,,,,,,,,,,,,,,,,,,,,,,,,,,,,
Q19708125,,Fausto Pinato,,,,,,,Fausto Pinato,,Fausto Pinato,male,,Fausto Pinato,,,,,,,1977-06-01,,,,,,,,,,,,,,,,,,,http://faustopinato.com.br/,,,,,,,,,,,,,,,,,,,,,,,,,,,,,,,,,,,,,,,,
Q19708978,,Giovani Feltes,,,,,,,Giovani Feltes,,Giovani Feltes,male,,Giovani Feltes,,,,,,,1957-04-10,,,,,,,,,,,,,,,,,,,,,,,,,,,,,,,,,,,,,,,,,,,,,,,,,,,,,,,,,,,
Q19709290,,Heitor Schuch,,,,,,,Heitor Schuch,,Heitor Schuch,male,,Heitor Schuch,,,,,,,1962-03-25,,,,,,,,,,,,,,,,,,,,,,,,,,,,,,,,,,,,,,,,,,,,,,,,,,,,,,,,,,,
Q19709389,,Herculano Passos,,,,,,,Herculano Passos,,Herculano Passos,male,,Herculano Passos,,,,,,,1956-08-04,,,,,,,,,,,,,,,,,,,,,,,,,,,,,,,,,,,,,,,,,,,,,,,,,,,,,,,,,,,
Q19710150,,Jerônimo Goergen,,,,,,,Jerônimo Goergen,,Jerônimo Goergen,male,,Jerônimo Goergen,,,,,,,1976-01-20,,,,,,,,,,,,,,,,,,,,,,,,,,,,,,,,,,,,,,,,,,,,,,,,,,,,,,,,,,,
Q19710199,,João Paulo Kleinübing,João Paulo Kleinübing,,,,,,João Paulo Kleinübing,,João Paulo Kleinübing,male,João,João Paulo Kleinübing,,,,,,,1972-12-19,,,,,,,,,,,,,,,,,,,,,,,,,,,,,,,,,,,,,,,,,,,,,,,,,,,,,,,,,,,
Q19710274,,José Augusto Rosa,José Augusto Rosa,,,,,,José Augusto Rosa,,José Augusto Rosa,male,José,José Augusto Rosa,,,,,,,1966-10-04,,,,,,,,,,,,,,,,,,,,,,,,,,,,,,,,,,,,,,,,,,,,,,,,,,,,,,,,,,,
Q19710329,,José Luiz Stedile,,,,,,,José Luiz Stedile,,José Luiz Stedile,male,José,José Luiz Stedile,,,,,,,1957-08-11,,,,,,,,,,,,,,,,,,,,,,,,,,,,,,,,,,,,,,,,,,,,,,,,,,,,,,,,,,,
Q20045578,,Alan Rick Miranda,,,,,,,Alan Rick Miranda,,Alan Rick Miranda,male,Alan,Alan Rick Miranda,,,,,,,,,,,,,,,,,,,,,,,,,,,,,,,,,,,,,,,,,,,,,,,,,,,,,,,,,,,,,,,,,,
Q20045586,,Alexandre Baldy,,,,,,,Alexandre Baldy,,Alexandre Baldy,male,Alexandre,Alexandre Baldy,,,,,,,1980-07-21,,,,,,,,,,,,,,,,,,,,,,,,,,,,,,,,,,,,,,,,,,,,,,,,,,,,,,,,,,,
Q20045716,,Delegado Waldir,,,,,,,Delegado Waldir,,Delegado Waldir,male,,Delegado Waldir,,,,,,,1962-12-28,,,,,,,,,,,,,,,,,,,,,,,,,,,,,,,,,,,,,,,,,,,,,,,,,,,,,,,,,,,
Q20045723,,Diego Alexsander Garcia,,,,,,,Diego Alexsander Garcia,,Diego Alexsander Garcia,male,Diego,Diego Alexsander Garcia,,,,,,,1984-10-10,,,,,,,,,,,,,,,,,,,,,,,,,,,,,,,,,,,,,,,,,,,,,,,,,,,,,,,,,,,
Q20045762,,Fábio Abreu Costa,,,,,,,Fábio Abreu Costa,,Fábio Abreu Costa,male,,Fábio Abreu Costa,,,,,,,1972-12-31,,,,,,,,,,,,,,,,,,,,,,,,,,,,,,,,,,,,,,,,,,,,,,,,,,,,,,,,,,,
Q20045770,,Flávia Morais,,,,,,,Flávia Morais,,Flávia Morais,female,,Flávia Morais,,,,,,,1969-04-26,,,,,,,,,,,,,,,,,,,,,,,,,,,,,,,,,,,,,,,,,,,,,,,,,,,,,,,,,,,
Q20045797,,Giuseppe Vecci,,,,,,,Giuseppe Vecci,,Giuseppe Vecci,male,Giuseppe,Giuseppe Vecci,,,,,,,1957-01-14,,,,,,,,,,,,,,,,,,,,,,,,,,,,,,,,,,,,,,,,,,,,,,,,,,,,,,,,,,,
Q20045927,,Leandre Dal Ponte,,,,,,,Leandre Dal Ponte,,Leandre Dal Ponte,female,,Leandre Dal Ponte,,,,,,,1975-12-20,,,,,,,,,,,,,,,,,,,,,,,,,,,,,,,,,,,,,,,,,,,,,,,,,,,,,,,,,,,
Q20045973,,Lucas Vergílio,,,,,,,Lucas Vergílio,,Lucas Vergílio,male,Lucas,Lucas Vergílio,,,,,,,1987-04-08,,,,,,,,,,,,,,,,,,,,,,,,,,,,,,,,,,,,,,,,,,,,,,,,,,,,,,,,,,,
Q20045978,,Luis Antonio Franciscatto Covatti,,,,,,,Luis Antonio Franciscatto Covatti,,Luis Antonio Franciscatto Covatti,male,Luis,Luis Antonio Franciscatto Covatti,,,,,,,1987-07-25,,,,,,,,,,,,,,,,,,,,,,,,,,,,,,,,,,,,,,,,,,,,,,,,,,,,,,,,,,,
Q20045988,,Luiz Lauro Filho,,,,,,,Luiz Lauro Filho,,Luiz Lauro Filho,male,,Luiz Lauro Filho,,,,,,,1978-06-10,,,,,,,,,,,,,,,,,,,,,,,,,,,,,,,,,,,,,,,,,,,,,,,,,,,,,,,,,,,
Q20046010,,Marcelo Squasoni,,,,,,,Marcelo Squasoni,,Marcelo Squassoni,male,Marcelo,Marcelo Squasoni,,,,,,,1967-09-14,,,,,,,,,,,,,,,,,,,,,,,,,,,,,,,,,,,,,,,,,,,,,,,,,,,,,,,,,,,
Q20046014,,Marco Antônio Cabral,,,,,,,Marco Antônio Cabral,,Marco Antônio Cabral,male,Marco,Marco Antônio Cabral,,,,,,,1991-05-07,,,,,,,,,,,,,,,,,,,,,,,,,,,,,,,,,,,,,,,,,,,,,,,,,,,,,,,,,,,
Q20046015,,Marcos Abrão,,,,,,,Marcos Abrão,,Marcos Abrão,male,Marcos,Marcos Abrão,,,,,,,1971-02-15,,,,,,,,,,,,,,,,,,,,,,,,,,,,,,,,,,,,,,,,,,,,,,,,,,,,,,,,,,,
Q20046071,,Nilto Tatto,,,,,,,Nilto Tatto,,Nilto Tatto,male,,Nilto Tatto,,,,,,,1963-07-31,,,,,,,,,,,,,,,,,,,,,,,,,,,,,,,,,,,,,,,,,,,,,,,,,,,,,,,,,,,
Q20046091,,Pastor Eurico,,,,,,,Pastor Eurico,,Pastor Eurico,male,,Pastor Eurico,,,,,,,1962-09-12,,https://upload.wikimedia.org/wikipedia/commons/f/f0/Pastoreurico.jpg,,,,,,,,,,,,,,,,,,,,,,,,,,,,,,,,,,,,,,,,,,,,,,,,,,,,,,,,,
Q20046133,,Renata Abreu,Renata Abreu,,,,,,Renata Abreu,,Renata Abreu,female,Renata,Renata Abreu,,,,,,,1982-04-15,,,,,,,,,,,,,,,,,,,,,,,,,,,,,,,,,,,,,,,,,,,,,,,,,,,,,,,,,,,
Q20046143,,Roberto Balestra,,,,,,,Roberto Balestra,,Roberto Balestra,male,Roberto,Roberto Balestra,,,,,,,1944-05-24,,,,,,,,,,,,,,,,,,,,,,,,,,,,,,,,,,,,,,,,,,,,,,,,,,,,,,,,,,,
Q20046149,,Ronaldo Nogueira,,,,,,,Ronaldo Nogueira,,Ronaldo Nogueira,male,,Ronaldo Nogueira,,,,,,,1966-04-25,,,,,,,,,,,,,,,,,,,,,,,,,,,,,,,,,,,,,,,,,,,,,,,,,,,,,,,,,,,
Q20046192,,Sinval Malheiros,,,,,,,Sinval Malheiros,,Sinval Malheiros,male,,Sinval Malheiros,,,,,,,1951-02-23,,,,,,,,,,,,,,,,,,,,,,,,,,,,,,,,,,,,,,,,,,,,,,,,,,,,,,,,,,,
Q20046193,,Sóstenes Cavalcante,,,,,,,Sóstenes Cavalcante,,Sóstenes Cavalcante,male,,Sóstenes Cavalcante,,,,,,,1975-01-16,,,,,,,,,,,,,,,,,,,,,,,,,,,,,,,,,,,,,,,,,,,,,,,,,,,,,,,,,,,
Q20046228,,Uldurico Júnior,,,,,,,Uldurico Júnior,,Uldurico Júnior,male,,Uldurico Júnior,,,,,,,1992-01-30,,,,,,,,,,,,,,,,,,,,,,,,,,,,,,,,,,,,,,,,,,,,,,,,,,,,,,,,,,,
Q20048244,,Miguel Lombardi,,,,,,,Miguel Lombardi,,Miguel Lombardi,male,Miguel,Miguel Lombardi,,,,,,,1964-01-29,,,,,,,,,,,,,,,,,,,,,,,,,,,,,,,,,,,,,,,,,,,,,,,,,,,,,,,,,,,
Q20048428,,Valmir Prascidelli,,,,,,,Valmir Prascidelli,,Valmir Prascidelli,male,,Valmir Prascidelli,,,,,,,1964-04-09,,,,,,,,,,,,,,,,,,,http://valmirprascidelli.com.br/,,,,,,,,,,,,,,,,,,,,,,,,,,,,,,,,,,,,,,,,
Q20059223,,Paulo Roberto Freire da Costa,,,,,,,Paulo Roberto Freire da Costa,,Paulo Roberto Freire da Costa,male,Paulo,Paulo Roberto Freire da Costa,,,,,,,1955-02-14,,,,,,,,,,,,,,,,,,,http://www.deputadopaulofreire.com.br/www/index.php,,,,,,,,,,,,,,,,,,,,,,,,,,,,,,,,,,,,,,,,
Q21019970,,Célio Silveira,,,,,,,Célio Silveira,,Célio Silveira,male,,Célio Silveira,,,,,,,1959-09-19,,,,,,,,,,,,,,,,,,,,,,,,,,,,,,,,,,,,,,,,,,,,,,,,,,,,,,,,,,,
Q21020005,,Daniel Elias Carvalho Vilela,,,,,,,Daniel Elias Carvalho Vilela,,Daniel Elias Carvalho Vilela,male,Daniel,Daniel Elias Carvalho Vilela,,,,,,,1983-10-23,,,,,,,,,,,,,,,,,,,,,,,,,,,,,,,,,,,,,,,,,,,,,,,,,,,,,,,,,,,
Q21020081,,Heuler Cruvinel,,,,,,,Heuler Cruvinel,,Heuler Cruvinel,,,Heuler Cruvinel,,,,,,,,,,,,,,,,,,,,,,,,,,,,,,,,,,,,,,,,,,,,,,,,,,,,,,,,,,,,,,,,,,
Q21020156,,Magda Mofatto,,,,,,,Magda Mofatto,,Magda Mofatto,female,Magda,Magda Mofatto,,,,,,,1948-10-26,,,,,,,,,,,,,,,,,,,,,,,,,,,,,,,,,,,,,,,,,,,,,,,,,,,,,,,,,,,
Q21501169,,Darcísio Perondi,Darcísio Perondi,,,,,,Darcísio Perondi,,Darcísio Perondi,,,Darcisio Paulo Perondi,,,,Category:Darcísio Perondi,,,,,,,,,,,,,,,,,,,,,,,,,,,,,,,,,,,,,,,,,,,,,,,,,,,,,,,,,,,,,,
Q2622384,Марко Мая,Marco Maia,Marco Maia,Marco Maia,Marco Maia,Marco Maia,Marco Maia,Marco Maia,Marco Maia,Марко Мая,Marco Maia,male,Marco,Marco Maia,Marco Maia,Marco Maia,Marco Maia,,Marco Maia,,1965-12-27,/m/04cllfg,https://upload.wikimedia.org/wikipedia/commons/3/3b/Marco_maia_2011.jpg,,,,,,,,,,,,,,,,,,,,,,,,,,,,,"Майя, Марко",Marco Maia,"Майя, Марко",Marco Maia,,,,,,,,,,,,,,,,,,,,,,,,,
Q2738543,,Esperidião Amin,Esperidião Amin,Esperidião Amin,Esperidião Amin,Esperidião Amin,Esperidião Amin,Esperidião Amin,Esperidião Amin,,Esperidião Amin,male,,Esperidião Amin,Esperidião Amin Helou Filho,Esperidião Amin,Esperidião Amin Helou Filho,Category:Esperidião Amin,Esperidião Amin,Esperidião Amin Helou Filho,1947-12-21,/m/04ctc0f,https://upload.wikimedia.org/wikipedia/commons/9/91/CMMPV_-_Comissão_Mista_da_Medida_Provisoria_(22533269007).jpg,,,,Esperidião Amin Helou Filho,,,,,,,,53130706,,,,,,,,,158103,,,,,,,,,,,,,,,,,,,,,,,,,,,,,,,,,,,,
Q2920668,,Luizianne Lins,Luizianne Lins,Luizianne Lins,Luizianne Lins,Luizianne Lins,Luizianne Lins,Luizianne Lins,Luizianne Lins,,Luizianne Lins,female,,Luizianne Lins,Luizianne Lins,Luizianne Lins,Luizianne Lins,Category:Luizianne Lins,Luizianne Lins,,1968-11-18,,https://upload.wikimedia.org/wikipedia/commons/8/87/Luizianne_Lins.jpg,,,,,,,,,,,,,לואיזיאני לינס,盧易斯安妮,לואיזיאני לינס,盧易斯安妮,,,,,,,,,,,,,,,,,,,,,,,,,,,,,,,,,,,,,,,,,
Q3048186,,João Derly,João Derly,João Derly,João Derly,João Derly,João Derly,João Derly,João Derly,,João Derly,male,João,João Derly,João Derly,João Derly,João Derly,,João Derly,João Derly,1981-06-02,/m/03c0lqv,https://upload.wikimedia.org/wikipedia/commons/4/43/Joao_Derly2.jpg,,,,João Derly,,,,,,,,,,,,,,,,,,,,,,,,,,,,,,,,,ジョアン・デルリ,João Derly,João Derly,João Derly,João Derly,ジョアン・デルリ,João Derly,,,,,,,,,,,,,,
Q3287330,,Mara Gabrilli,Mara Gabrilli,Mara Gabrilli,Mara Gabrilli,Mara Gabrilli,Mara Gabrilli,Mara Gabrilli,Mara Gabrilli,,Mara Gabrilli,female,Mara,Mara Gabrilli,Mara Gabrilli,Mara Gabrilli,Mara Gabrilli,Category:Mara Gabrilli,,Mara Gabrilli,1967-09-28,,https://upload.wikimedia.org/wikipedia/commons/f/f3/Maragabrilli.jpg,Mara Gabrilli,,,Mara Gabrilli,,,,Mara Gabrilli,,,,,,,,,,,,,,,,,,,,,,,,,,,,,,,,,,,,,,,,,,,,,,,,,
Q384804,,Tiririca,Tiririca,,Tiririca,Tiririca,Tiririca,Tiririca,Tiririca,,Tiririca (artista),male,,Tiririca (artista),Tiririca,Tiririca,Tiririca,,Tiririca,,1965-05-01,/m/0dljc6f,https://upload.wikimedia.org/wikipedia/commons/f/f3/Tiririca_na_camara.jpg,Tiririca,,,Tiririca,,Tiririca,,Tiririca,Tiririca,,,,,,,,,,,,,Tiririca,Tiririca,,,,,,,,,,,,,Tiririca,,,,,,,,Tiririca,Tiririca,Tiririca,Tiririca,Tiririca,nm2092608,23364ea1-3073-47cc-ba60-1169021ce8f0,,,,,,,
Q4723825,,Alfredo Nascimento,Alfredo Nascimento,Alfredo Nascimento,Alfredo Nascimento,Alfredo Nascimento,Alfredo Nascimento,Alfredo Nascimento,Alfredo Nascimento,,Alfredo Nascimento,male,Alfredo,Alfredo Nascimento,Alfredo Nascimento,Alfredo Nascimento,Alfredo Nascimento,Category:Alfredo Nascimento,Alfredo Nascimento,Alfredo Nascimento,1952-05-05,/m/04cvy8s,,,,,,,,,,,,,,,,,,,,,,,,,,,,,,,,,,,,,,,,,,,,,,,,,,,,,,,,,,
Q4760274,,Andrés Sánchez,Andrés Sánchez,Andrés Sánchez,Andrés Sánchez,Andrés Sánchez,Andrés Sánchez,Andrés Sánchez,Andrés Sánchez,,Andrés Sanchez,male,Andrés,Andrés Sanchez,Andrés Sánchez,Andrés Sánchez,Andrés Sánchez,Category:Andrés Sanchez,Andrés Sánchez,,1963-12-24,,https://upload.wikimedia.org/wikipedia/commons/d/db/A_Navarro_Sanchez.jpg,Andrés Sánchez,,,,,,,,,,,,,,,,http://www.corinthians.com.br,,,,,,,,,,,,,,,,,,Andrés Sánchez,Andrés Sánchez,,,,,,,,,,,,,,,,,,,,,
Q4887390,,Benedita da Silva,Benedita da Silva,Benedita da Silva,,,,,Benedita da Silva,,Benedita da Silva,female,Benedita,Benedita da Silva,Benedita da Silva,Benedita da Silva,Benedita da Silva,,Benedita da Silva,,1943-04-26,,https://upload.wikimedia.org/wikipedia/commons/2/2b/Beneditadasilva11012007.jpg,,,,,,,,,,,,55898548,,,,,,,125009014,034232532,392547,,,,,,,,,,,,,,,,,,,,,,,,,,,,,,,,,,,,
Q519210,,Jean Wyllys,Jean Wyllys,Jean Wyllys,Jean Wyllys,Jean Wyllys,Jean Wyllys,Jean Wyllys,Jean Wyllys,,Jean Wyllys,male,Jean,Jean Wyllys,Jean Wyllys,Jean Wyllys,Jean Wyllys,Category:Jean Wyllys,Jean Wyllys,Jean Wyllys,1974-03-10,,https://upload.wikimedia.org/wikipedia/commons/a/a0/Jean_wyllys.jpg,,Jean Wyllys,Jean Wyllys,Jean Wyllys,,,,,,,,22075548,,,,,http://www.jeanwyllys.com.br,,,,,Jean Wyllys,Jean Wyllys,,,,Jean Wyllys,nr2002006026,,,,,,,,,,,,,,,,,,,,,,,,,,,,,
Q520653,Арлиндо Чинаглия,Arlindo Chinaglia,Arlindo Chinaglia,Arlindo Chinaglia,Arlindo Chinaglia,Arlindo Chinaglia,Arlindo Chinaglia,Arlindo Chinaglia,Arlindo Chinaglia,Арлиндо Чинаглия,Arlindo Chinaglia,male,Arlindo,Arlindo Chinaglia,Arlindo Chinaglia,Arlindo Chinaglia,Arlindo Chinaglia,Category:Arlindo Chinaglia,Arlindo Chinaglia,,1949-12-24,/m/03d4gk7,https://upload.wikimedia.org/wikipedia/commons/1/19/Arlindo_Chinaglia.jpg,,,Arlindo Chinaglia,,,,,,,,,,,,,,,,,,,,,,,,,,,,,,,,,,,,,,,,,,,,,,,,,,,,,,
Q5253617,,Delei,Delei,,Delei,Delei,Delei,Delei,Delei,,Delei,male,,Deley,Delei,Delei,Delei,,Delei,,1959-08-28,,,,,,,,,,,,,,,,,,,,,,,,,,Wanderley Alves de Oliveira,Wanderley Alves de Oliveira,,,,,,,,دیلی,دیلی (بازیکن فوتبال),,,,,,,,,,,,,,,,,,,,,,,
Q5338816,,Edmilson Rodrigues,Edmilson Rodrigues,Edmilson Rodrigues,Edmilson Rodrigues,Edmilson Rodrigues,Edmilson Rodrigues,Edmilson Rodrigues,Edmilson Rodrigues,,Edmilson Rodrigues,male,Edmilson,Edmilson Rodrigues,Edmilson Rodrigues,Edmilson Rodrigues,Edmilson Rodrigues,,Edmilson Rodrigues,Edmilson Rodrigues,1957-05-26,,,,,,,,,,,,,,,,,,,http://www.edmilsonbritorodrigues.com.br/,,,,,,,,,,,,,,,,,,,,,,,,,,,,,,,,,,,,,,,,
Q652944,,Orlando Silva de Jesus Júnior,Orlando Silva de Jesus Júnior,Orlando Silva de Jesus Júnior,,,,,Orlando Silva de Jesus Júnior,,Orlando Silva de Jesus Júnior,male,Orlando,Orlando Silva de Jesus Júnior,,,Orlando Silva de Jesus Júnior,,,,1971-05-27,,,,,Orlando Silva de Jesus Júnior,,,,,,,,,,,,,,,,,,,,,,,,,,,,,,,,,,,,,,,,,,,,,,,,,,,,,,
Q6701512,,Luiza Erundina,Luiza Erundina,Luiza Erundina,Luiza Erundina,Luiza Erundina,Luiza Erundina,Luiza Erundina,Luiza Erundina,,Luiza Erundina,female,Luiza,Luiza Erundina,Luiza Erundina,Luiza Erundina,Luiza Erundina,Category:Luiza Erundina,Luiza Erundina,Luiza Erundina,1934-11-30,/m/05m1z6,https://upload.wikimedia.org/wikipedia/commons/c/cb/Erundina09012007.jpg,Luiza Erundina,,,Luiza Erundina,Luiza Erundina de Souza,Ludovica Erundina,Luiza Erundina,Luiza Erundina,Ludovica Erundina,Luiza Erundina de Souza,Luiza Erundina,79429244,,,,,,,,,,,,,,,,,,,,,,,,,,,,,,,,,,,,,,,,,,,,,
Q6761707,,Maria do Rosário,Maria do Rosário,Maria do Rosário,,,,,Maria do Rosário,,Maria do Rosário (política),female,Maria,Maria do Rosário (política),Maria do Rosário,,Maria do Rosário,Category:Maria do Rosário Nunes,Maria do Rosário,,1966-11-22,,,,,,,,,,,,,,,,,,,,,,,,,,,,,,,,,,,,,,,,,,,,,,,,,,,,,,,,,,,
Q6873824,,Miro Teixeira,Miro Teixeira,Miro Teixeira,Miro Teixeira,Miro Teixeira,Miro Teixeira,Miro Teixeira,Miro Teixeira,,Miro Teixeira,male,Miro,Miro Teixeira,Miro Teixeira,Miro Teixeira,Miro Teixeira,,Miro Teixeira,,1945-05-27,,https://upload.wikimedia.org/wikipedia/commons/7/77/Miro_teixeira2.jpg,,,,,,,,,,,,,,,,,,,,,,,,,,,,,,,,,,,,,,,,,,,,,,,,,,,,,,,,,
Q6913265,,Moroni Torgan,Moroni Bing Torgan,Moroni Bing Torgan,Moroni Torgan,Moroni Torgan,Moroni Torgan,Moroni Torgan,Moroni Torgan,,Moroni Torgan,male,,Moroni Torgan,,Moroni Bing Torgan,Moroni Bing Torgan,,Moroni Bing Torgan,,1956-10-06,,https://upload.wikimedia.org/wikipedia/commons/1/16/Moronitorgan.jpeg,,,,,,,,,,,,,,,,,,,,,,,,,,,,,,,,,,,,,,,,,,,,,,,,,,,,,,,,,
Q7666101,,Sérgio Reis,Sérgio Reis,Sérgio Reis,Sérgio Reis,Sérgio Reis,Sérgio Reis,Sérgio Reis,Sérgio Reis,,Sérgio Reis,male,Sérgio,Sérgio Reis,Sérgio Reis,Sérgio Reis,Sérgio Reis,Category:Sérgio Reis,Sérgio Reis,,1940-06-23,,https://upload.wikimedia.org/wikipedia/commons/4/49/Sergioreis.jpg,,,,,,,,,,,,78795155,,,,,http://www.sergioreis.com.br/site/,,159340798,,,,,,,,,,,,,,,,,,,,,,,,,,,,,,,,,,,,,,
Q771782,,Indio da Costa,Antônio Pedro de Siqueira Indio da Costa,Indio da Costa,,,,,Indio da Costa,,Indio da Costa,male,Antônio,Índio da Costa,Antônio Pedro de Siqueira Indio da Costa,Antônio Pedro de Siqueira Indio da Costa,Indio da Costa,,Antônio Pedro de Siqueira Indio da Costa,,1970-10-20,,,,,Indio da Costa,,,,,,,,,58495556,,,,,,,,,,,,,,,,n2005179043,,,,,,,,,,,,,,,,,,,,,,,,,,,,,
Q8195571,,Alice Portugal,Alice Portugal,Alice Portugal,Alice Portugal,Alice Portugal,Alice Portugal,Alice Portugal,Alice Portugal,,Alice Portugal,female,Alice,Alice Portugal,Alice Portugal,Alice Portugal,Alice Portugal,,,Alice Portugal,1959-05-16,,https://upload.wikimedia.org/wikipedia/commons/5/53/Alice_Portugal.jpg,,,,,,,,,,,,,,,,,,,,,,,,,,,,,,,,,,,,,,,,,,,,,,,,,,,,,,,,,
Q9013783,,Cícero Almeida,José Cícero Soares de Almeida,José Cícero Soares de Almeida,Cícero Almeida,Cícero Almeida,Cícero Almeida,Cícero Almeida,Cícero Almeida,,Cícero Almeida,male,José,Cícero Almeida,José Cícero Soares de Almeida,José Cícero Soares de Almeida,Cícero Almeida,,,José Cícero Soares de Almeida,1958-01-08,,,,,,,,,,,,,,,,,,,,,,,,,,,,,,,,,,,,,,,,,,,,,,,,,,,,,,,,,,,
Q9031519,,José Mendonça Bezerra Filho,Mendonça Filho,Mendonça Filho,José Mendonça Bezerra Filho,José Mendonça Bezerra Filho,José Mendonça Bezerra Filho,José Mendonça Bezerra Filho,José Mendonça Bezerra Filho,,Mendonça Filho,male,José,Mendonça Filho,Mendonça Filho,,José Mendonça Bezerra Filho,,,Mendonça Filho,1966-07-12,,,,,,,,,,,,,,,,,,,,,,,,,,,,,,,,,,,,,,,,,,,,,,,,,,,,,,,,,,,
Q9065983,,Raimundo Angelim,Raimundo Angelim,Raimundo Angelim,Raimundo Angelim,Raimundo Angelim,Raimundo Angelim,Raimundo Angelim,Raimundo Angelim,,Raimundo Angelim,male,Raimundo,Raimundo Angelim,Raimundo Angelim,Raimundo Angelim,Raimundo Angelim,,,Raimundo Angelim,1955-02-19,,,,,,,,,,,,,,,,,,,,,,,,,,,,,,,,,,,,,,,,,,,,,,,,,,,,,,,,,,,
Q953573,,Danrlei,Danrlei,,Danrlei,Danrlei,Danrlei,Danrlei,Danrlei,,Danrlei,male,,Danrlei,Danrlei de Deus Hinterholz,Danrlei,Danrlei,,Danrlei,Danrlei de Deus Hinterholz,1973-04-18,/m/0fvylh,,Danrlei,,,Danrlei,,,,Danrlei,,,,,,,,,,,,,,,,Danrlei,Danrlei,Danrlei,,,,,,,,,,,,,,,,,,,,,,,,,,,,,,,
Q9587090,Афонсо Флоренси,Afonso Florence,Afonso Florence,Afonso Florence,Afonso Florence,Afonso Florence,Afonso Florence,Afonso Florence,Afonso Florence,Афонсо Флоренси,Afonso Florence,male,Afonso,Afonso Florence,,,Afonso Florence,,,,1960-10-15,,https://upload.wikimedia.org/wikipedia/commons/a/a7/Afonso_florence.jpg,,,,,,,,,,,,,,,,,,,,,,,,,,,,,,,,,,,,,,,,,,,,,,,,,,,,,,,,,
Q9594946,,Alceu Moreira,Alceu Moreira,Alceu Moreira,,,,,Alceu Moreira,,Alceu Moreira,male,,Alceu Moreira,,,Alceu Moreira,,,,1954-06-04,,,Alceu Moreira,,,,,,,,,,,,,,,,,,,,,,,,,,,,,,,,,,,,,,,,,,,,,,,,,,,,,,,,
Q9601515,,Alex Canziani,Alex Canziani,Alex Canziani,Alex Canziani,Alex Canziani,Alex Canziani,Alex Canziani,Alex Canziani,,Alex Canziani,male,Alex,Alex Canziani,,Alex Canziani,Alex Canziani,,,,1964-06-11,,,,,,,,,,,,,,,,,,,,,,,,,,,,,,,,,,,,,,,,,,,,,,,,,,,,,,,,,,,
Q9612564,,Ana Perugini,Ana Perugini,Ana Perugini,Ana Perugini,Ana Perugini,Ana Perugini,Ana Perugini,Ana Perugini,,Ana Perugini,female,Ana,Ana Perugini,,Ana Perugini,Ana Perugini,Category:Ana Perugini,,,1965-08-22,,,Ana Perugini,,,,,,,,,,,,,,,,http://anaperugini.com.br/,,,,,,,,,,,,,,,,,,,,,,,,,,,,,,,,,,,,,,,,
Q9630040,,Arolde de Oliveira,Arolde de Oliveira,Arolde de Oliveira,,,,,Arolde de Oliveira,,Arolde de Oliveira,male,Arolde,Arolde de Oliveira,,,Arolde de Oliveira,,,,1937-03-11,,,Arolde de Oliveira,,,,,,,,,,,,,,,,,,,,,,,,,,,,,,,,,,,,,,,,,,,,,,,,,,,,,,,,
Q9644523,,Baleia Rossi,Baleia Rossi,Baleia Rossi,Baleia Rossi,Baleia Rossi,Baleia Rossi,Baleia Rossi,Baleia Rossi,,Baleia Rossi,male,,Baleia Rossi,,Baleia Rossi,Baleia Rossi,Category:Baleia Rossi,,,1972-06-09,,,Baleia Rossi,,,,,,,,,,,,,,,,,Rossi,,,,,,,,,,,,,,,,,,,,,,,,,,,,,,,,,,,,,,,
Q9654172,,Benedito Roberto Alves,Benedito Roberto Alves,Benedito Roberto Alves,Benedito Roberto Alves,Benedito Roberto Alves,Benedito Roberto Alves,Benedito Roberto Alves,Benedito Roberto Alves,,Benedito Roberto Alves,male,Benedito,Benedito Roberto Alves,,,Benedito Roberto Alves,,,,,,,Benedito Roberto Alves,,,,,,,,,,,,,,,,,,,,,,,,,,,,,,,,,,,,,,,,,,,,,,,,,,,,,,,,
Q9655997,,Beto Mansur,Beto Mansur,Beto Mansur,Beto Mansur,Beto Mansur,Beto Mansur,Beto Mansur,Beto Mansur,,Beto Mansur,male,Beto,Beto Mansur,,,Beto Mansur,,,,1951-07-07,,,Beto Mansur,,,,,,,,,,,,,,,,,,,,,,,,,,,,,,,,,,,,,,,,,,,,,,,,,,,,,,,,
Q9667467,,Bruno Araújo,Bruno Araújo,Bruno Araújo,Bruno Araújo,Bruno Araújo,Bruno Araújo,Bruno Araújo,Bruno Araújo,,Bruno Araújo,male,Bruno,Bruno Araújo,,,Bruno Araújo,,,,1972-03-15,,,,,,,,,,,,,,,,,,,,,,,,,,,,,,,,,,,,,,,,,,,,,,,,,,,,,,,,,,,
Q9667541,,Bruno Covas,Bruno Covas,,Bruno Covas,Bruno Covas,Bruno Covas,Bruno Covas,Bruno Covas,,Bruno Covas,male,Bruno,Bruno Covas,,,Bruno Covas,Category:Bruno Covas,,,1980-04-07,,,,,,,,,,,,,,,,,,,,,,,,,,,,,,,,,,,,,,,,,,,,,,,,,,,,,,,,,,,
Q9696987,,Carlos César Correia de Messias,Carlos César Correia de Messias,Carlos César Correia de Messias,,,,,Carlos César Correia de Messias,,Carlos César Correia de Messias,male,Carlos,César Messias,,,Carlos César Correia de Messias,,,,,,,,,,,,,,,,,,,,,,,,,,,,,,,,,,,,,,,,,,,,,,,,,,,,,,,,,,,,,,,
Q9697117,,Carlos Henrique Focesi Sampaio,Carlos Henrique Focesi Sampaio,Carlos Henrique Focesi Sampaio,Carlos Henrique Focesi Sampaio,Carlos Henrique Focesi Sampaio,Carlos Henrique Focesi Sampaio,Carlos Henrique Focesi Sampaio,Carlos Henrique Focesi Sampaio,,Carlos Henrique Focesi Sampaio,male,Carlos,Carlos Henrique Focesi Sampaio,,,Carlos Henrique Focesi Sampaio,,,,1963-03-31,,https://upload.wikimedia.org/wikipedia/commons/d/dc/CPMI_-_Petrobras_-_2014_-_CPMIPETRO_(15481210462).jpg,Carlos Henrique Focesi Sampaio,,,,,,,,,,,,,,,,,,,,,,,,,,,,,,,,,,,,,,,,,,,,,,,,,,,,,,,,
Q9697396,,Carlos Zarattini,Carlos Zarattini,Carlos Zarattini,,,,,Carlos Zarattini,,Carlos Zarattini,male,Carlos,Carlos Zarattini,,,Carlos Zarattini,,,,,,,Carlos Zarattini,,,,,,,,,,,,,,,,,,,,,,,,,,,,,,,,,,,,,,,,,,,,,,,,,,,,,,,,
Q9746700,,Chico Alencar,Chico Alencar,Chico Alencar,Chico Alencar,Chico Alencar,Chico Alencar,Chico Alencar,Chico Alencar,,Chico Alencar,male,Chico,Chico Alencar,,Chico Alencar,Chico Alencar,Category:Chico Alencar,,,1949-10-19,,https://upload.wikimedia.org/wikipedia/commons/1/1f/Chico_Alencar.jpg,,,,,,,,,,,,115991399,,,,,,,,094653119,,Chico Alencar,Chico Alencar,,,,,,,,,,,,,,,,,,,,,,,,,,,,,,,,,,
Q9769912,,Clarissa Garotinho,Clarissa Garotinho,Clarissa Garotinho,Clarissa Garotinho,Clarissa Garotinho,Clarissa Garotinho,Clarissa Garotinho,Clarissa Garotinho,,Clarissa Garotinho,female,Clarissa,Clarissa Garotinho,,,Clarissa Garotinho,,,,1982-07-02,,https://upload.wikimedia.org/wikipedia/commons/9/99/Clarissa_Garotinho.jpg,Clarissa Garotinho,,,,,,,,,,,,,,,,,,,,,,,,,,,,,,,,,,,,,,,,,,,,,,,,,,,,,,,,
