id,name__en,name__fr,name__es,name__de,name,wikipedia__en,wikipedia__fr,gender,death_date,family_name,original_wikiname,name__nl,wikipedia__de,name__cy,birth_date,given_name,last_seen,image
Q16092663,Hilbourne Frank,Hilbourne Frank,,Hilbourne Frank,Hilbourne Frank,Hilbourne Frank,,male,,,,Hilbourne Frank,,,1932,,2016-03-27,
Q16730448,Molwyn Joseph,,,Molwyn Joseph,Molwyn Joseph,Molwyn Joseph,,male,,,,,Molwyn Joseph,,,,2016-03-27,
Q20171771,Charles Fernandez,,,Charles Henry Fernandez,Charles Fernandez,Charles Fernandez,,male,,,,,Charles Henry Fernandez,,1954-12-24,Charles,2016-03-27,https://upload.wikimedia.org/wikipedia/commons/8/8a/Charles_Max_Fernandez.jpg
Q21002314,Jacqui Quinn-Leandro,,,,Jacqui Quinn-Leandro,Jacqui Quinn-Leandro,,female,,,,,,,1965-11-20,Jacqui,2016-03-27,
Q5084247,Charlesworth Samuel,Charlesworth Samuel,Charlesworth Samuel,Charlesworth Samuel,Charlesworth Samuel,Charlesworth Samuel,Charlesworth Samuel,male,2008-01,Samuel,,,,,,,2016-03-27,
Q7605192,Steadroy Benjamin,,,Steadroy Benjamin,Steadroy Benjamin,Steadroy Benjamin,,male,,,,Steadroy Benjamin,Steadroy Benjamin,,,,2016-03-27,
Q7921171,"Vere Bird, Jr.","Vere Bird, Jr.",,,"Vere Bird, Jr.","Vere Bird, Jr.",,male,2013-03-31,,,"Vere Bird, Jr.",,"Vere Bird, Jr.",1937,Vere,2016-03-27,
